state,Children 0-18,Adults 19-25,Adults 26-34,Adults 35-54,Adults 55-64,65+,year,Total People Experiencing Homelessness,gdp,American Indian or Alaska Native,Asian or Pacific Islander,Black or African American,White,gini,international_migration,unemployment_rate
Alabama,0.258,0.095,0.113,0.282,0.118,0.135,2008,5387,174526.3,33518,58975,1259177,3366536,0.47,5409,0.05
Alaska,0.282,0.113,0.122,0.289,0.12,0.074,2008,1646,55122.5,117376,46039,30075,493965,0.4,1197,0.064
Arizona,0.279,0.09,0.126,0.266,0.105,0.134,2008,12488,262926.0,346539,209252,294617,5429954,0.45,27031,0.06
Arkansas,0.263,0.09,0.114,0.276,0.117,0.141,2008,3255,99706.8,27242,42091,458375,2346846,0.46,3642,0.054
California,0.272,0.101,0.126,0.288,0.102,0.112,2008,136531,1944695.3,669667,5281970,2662354,27990346,0.47,167173,0.072
Colorado,0.259,0.093,0.132,0.3,0.113,0.103,2008,14747,258871.7,84116,159295,231792,4414527,0.46,13248,0.048
Connecticut,0.249,0.082,0.102,0.314,0.119,0.134,2008,4627,238936.8,18438,141482,401643,2984016,0.49,11391,0.056
Delaware,0.257,0.09,0.109,0.288,0.121,0.136,2008,933,55459.8,5901,29849,197813,650311,0.45,2057,0.049
District of Columbia,0.209,0.111,0.161,0.285,0.115,0.118,2008,6044,99496.5,3690,22734,318392,235420,,2134,
Florida,0.233,0.085,0.108,0.281,0.119,0.174,2008,50158,763341.5,95642,512331,3086395,14832937,0.47,87821,0.063
Georgia,0.281,0.091,0.124,0.298,0.106,0.101,2008,19095,416377.6,48540,327759,2962628,6165916,0.47,27714,0.063
Hawaii,0.241,0.096,0.109,0.283,0.12,0.152,2008,6061,65678.2,5844,889527,33067,403775,0.43,4456,0.041
Idaho,0.289,0.096,0.121,0.267,0.112,0.115,2008,1464,56200.8,28001,24332,14244,1467743,0.42,2207,0.048
Illinois,0.264,0.095,0.123,0.291,0.108,0.12,2008,14724,654657.5,76818,612326,1955231,10102663,0.47,35881,0.064
Indiana,0.264,0.086,0.12,0.291,0.114,0.125,2008,7395,275538.7,26987,108824,624185,5664810,0.44,9110,0.058
Iowa,0.251,0.097,0.108,0.285,0.118,0.142,2008,3346,137548.5,14455,54739,99622,2847918,0.43,3090,0.04
Kansas,0.265,0.097,0.117,0.28,0.112,0.128,2008,1738,128604.3,38037,73191,188485,2508363,0.44,5130,0.044
Kentucky,0.251,0.084,0.119,0.297,0.12,0.129,2008,8137,159883.8,12060,53472,352036,3872310,0.47,4757,0.066
Louisiana,0.269,0.101,0.115,0.28,0.116,0.12,2008,5481,212392.4,34078,73385,1444476,2883647,0.48,3676,0.044
Maine,0.223,0.075,0.1,0.317,0.136,0.151,2008,2632,50713.2,10144,14543,18505,1287317,0.44,884,0.054
Maryland,0.254,0.091,0.113,0.305,0.116,0.121,2008,9219,295400.2,32783,330748,1741767,3579667,0.44,19815,0.043
Massachusetts,0.238,0.091,0.116,0.309,0.118,0.129,2008,14506,390778.4,32135,357575,517040,5562217,0.47,24516,0.053
Michigan,0.257,0.09,0.111,0.296,0.119,0.128,2008,28248,390420.9,82491,260068,1485681,8118649,0.45,15332,0.083
Minnesota,0.255,0.093,0.118,0.301,0.114,0.119,2008,7644,267420.6,75748,219151,294544,4657575,0.45,9970,0.054
Mississippi,0.281,0.095,0.112,0.277,0.112,0.123,2008,1961,94514.5,16752,28439,1103216,1799399,0.48,2089,0.068
Missouri,0.255,0.093,0.117,0.287,0.117,0.133,2008,7687,254045.8,37457,109200,719723,5057536,0.45,6266,0.059
Montana,0.256,0.095,0.106,0.279,0.127,0.137,2008,1417,37224.9,67202,7749,6665,894799,0.45,374,0.045
Nebraska,0.272,0.092,0.118,0.278,0.111,0.128,2008,3985,85628.0,24651,35366,91900,1644461,0.43,3043,0.033
Nevada,0.27,0.085,0.128,0.288,0.113,0.115,2008,8726,130609.5,47597,226589,244200,2135244,0.43,11021,0.071
New Hampshire,0.237,0.08,0.106,0.324,0.129,0.124,2008,2019,61700.2,4615,29992,18948,1262351,0.42,1807,0.039
New Jersey,0.252,0.085,0.11,0.311,0.113,0.129,2008,13832,496227.2,51263,736423,1311696,6611708,0.46,37446,0.055
New Mexico,0.271,0.097,0.116,0.27,0.115,0.132,2008,3015,84688.4,213396,35468,54341,1707457,0.46,4972,0.045
New York,0.243,0.095,0.116,0.299,0.116,0.131,2008,61125,1116591.0,195000,1485783,3473867,14057786,0.5,75365,0.054
North Carolina,0.261,0.085,0.119,0.295,0.117,0.123,2008,12411,418793.4,147170,221145,2084901,6856233,0.46,21830,0.063
North Dakota,0.235,0.12,0.115,0.265,0.128,0.137,2008,615,31874.4,37875,7132,8994,603568,0.45,583,0.031
Ohio,0.254,0.087,0.114,0.292,0.119,0.134,2008,12912,496919.4,37763,207654,1488002,9781972,0.45,11863,0.066
Oklahoma,0.268,0.095,0.12,0.27,0.115,0.133,2008,3846,160763.7,370624,73676,307270,2917406,0.46,5523,0.037
Oregon,0.243,0.09,0.124,0.285,0.126,0.132,2008,20653,164925.4,76399,168566,89386,3434397,0.45,8594,0.065
Pennsylvania,0.238,0.086,0.105,0.299,0.123,0.149,2008,15378,588024.6,42692,356895,1469600,10743098,0.46,18520,0.053
Rhode Island,0.231,0.098,0.107,0.307,0.119,0.139,2008,1196,47277.5,9707,34312,81603,929381,0.46,3147,0.077
South Carolina,0.256,0.089,0.111,0.286,0.125,0.133,2008,5660,163886.2,25048,65865,1308465,3129618,0.46,7439,0.068
South Dakota,0.271,0.085,0.106,0.282,0.115,0.141,2008,579,36603.0,74790,7918,11798,704618,0.45,697,0.03
Tennessee,0.251,0.086,0.119,0.294,0.121,0.129,2008,9705,254242.0,26659,99772,1074684,5046296,0.47,9608,0.066
Texas,0.296,0.097,0.128,0.281,0.099,0.1,2008,40190,1244294.9,243884,1000104,3027152,20037899,0.47,88695,0.049
Utah,0.329,0.123,0.141,0.235,0.083,0.089,2008,3434,117178.9,43023,86772,38231,2495003,0.41,5971,0.033
Vermont,0.222,0.084,0.102,0.319,0.135,0.139,2008,954,25999.3,3039,8261,7759,605092,0.43,417,0.045
Virginia,0.255,0.089,0.114,0.302,0.118,0.122,2008,8469,404634.9,41989,455516,1602530,5733461,0.46,22029,0.04
Washington,0.252,0.087,0.123,0.298,0.121,0.119,2008,21954,354794.1,140912,549453,294548,5577318,0.44,20332,0.054
West Virginia,0.222,0.084,0.112,0.291,0.138,0.153,2008,2016,62694.8,4211,13671,68836,1753592,0.45,540,0.042
Wisconsin,0.248,0.092,0.113,0.299,0.118,0.13,2008,5449,246814.5,64716,134081,381998,5060201,0.43,6744,0.048
Wyoming,0.262,0.094,0.116,0.284,0.122,0.123,2008,751,42819.3,15245,5239,6502,519057,0.44,399,0.031
Alabama,0.257,0.093,0.116,0.277,0.12,0.137,2009,6080,170930.9,34844,62645,1271247,3389202,0.47,5319,0.098
Alaska,0.291,0.103,0.122,0.291,0.117,0.077,2009,1992,49957.8,119327,49128,30573,499867,0.4,1022,0.077
Arizona,0.277,0.092,0.129,0.263,0.108,0.132,2009,2852,246424.3,353144,217943,308020,5464047,0.45,26997,0.098
Arkansas,0.262,0.09,0.118,0.272,0.12,0.14,2009,14721,97508.1,28106,44948,462207,2361582,0.46,3662,0.075
California,0.271,0.098,0.129,0.285,0.106,0.112,2009,123678,1890165.9,709279,5412716,2691724,28147510,0.47,165600,0.113
Colorado,0.261,0.094,0.13,0.294,0.116,0.106,2009,15268,251227.7,88634,165687,239309,4478565,0.45,13078,0.081
Connecticut,0.247,0.084,0.106,0.306,0.122,0.135,2009,4605,233290.7,19258,146808,409897,2985844,0.48,11322,0.082
Delaware,0.247,0.085,0.12,0.284,0.123,0.142,2009,6228,57849.7,6270,31080,201775,652605,0.43,2016,0.079
District of Columbia,0.208,0.107,0.17,0.283,0.116,0.116,2009,1130,100446.0,4035,23028,317978,247187,,2096,
Florida,0.233,0.088,0.111,0.276,0.119,0.173,2009,55599,735421.0,97488,527477,3133488,14894191,0.47,87381,0.104
Georgia,0.283,0.092,0.123,0.291,0.108,0.103,2009,20360,409590.8,51638,342019,3023009,6204180,0.47,27346,0.098
Hawaii,0.243,0.085,0.122,0.276,0.126,0.147,2009,5782,64549.7,5974,900614,33296,406833,0.43,4033,0.069
Idaho,0.289,0.102,0.116,0.26,0.115,0.118,2009,14055,54064.1,28928,25292,15054,1485165,0.42,2179,0.075
Illinois,0.261,0.094,0.125,0.287,0.112,0.121,2009,6984,649862.7,82361,629853,1960826,10123738,0.47,35839,0.1
Indiana,0.263,0.092,0.118,0.284,0.117,0.126,2009,3380,263326.8,28112,114215,635234,5681764,0.43,9194,0.104
Iowa,0.253,0.093,0.114,0.275,0.122,0.143,2009,1939,136894.6,15048,57321,104045,2856456,0.43,3189,0.062
Kansas,0.266,0.102,0.116,0.275,0.115,0.126,2009,1892,125348.9,39620,75929,192058,2525097,0.44,5003,0.071
Kentucky,0.251,0.09,0.12,0.288,0.122,0.13,2009,5999,157479.8,12486,55862,359228,3889498,0.46,4598,0.103
Louisiana,0.268,0.101,0.122,0.273,0.115,0.121,2009,12504,204906.9,35174,76977,1468988,2910509,0.47,3476,0.066
Maine,0.218,0.08,0.102,0.304,0.143,0.154,2009,15482,51123.8,10406,14888,19452,1284844,0.43,828,0.081
Maryland,0.253,0.091,0.116,0.301,0.119,0.121,2009,11698,299102.7,34813,343110,1764644,3587821,0.45,19565,0.074
Massachusetts,0.234,0.089,0.117,0.307,0.122,0.132,2009,2444,390504.8,33879,371539,530509,5581686,0.47,24518,0.082
Michigan,0.25,0.094,0.107,0.293,0.124,0.132,2009,14005,368733.8,83957,263190,1481101,8073343,0.45,15446,0.134
Minnesota,0.254,0.092,0.121,0.292,0.118,0.123,2009,7718,262088.9,76722,226790,304750,4672941,0.44,10066,0.08
Mississippi,0.28,0.097,0.117,0.267,0.114,0.126,2009,6959,91792.2,17199,29588,1108721,1803266,0.47,1939,0.094
Missouri,0.256,0.093,0.116,0.282,0.119,0.135,2009,2797,253317.7,38256,113258,728187,5081387,0.45,6133,0.094
Montana,0.242,0.097,0.11,0.274,0.136,0.143,2009,1196,36187.8,68342,8103,6917,900620,0.43,344,0.06
Nebraska,0.262,0.102,0.119,0.271,0.114,0.132,2009,1645,86870.4,25202,36770,94396,1656315,0.44,3069,0.047
Nevada,0.271,0.087,0.131,0.281,0.113,0.116,2009,12918,122127.1,48907,235624,251426,2148708,0.43,10969,0.117
New Hampshire,0.233,0.088,0.099,0.317,0.131,0.132,2009,13169,62522.9,4600,30988,19530,1260984,0.43,1787,0.062
New Jersey,0.25,0.083,0.113,0.305,0.117,0.132,2009,3475,482458.9,55197,760885,1323532,6615988,0.47,37360,0.09
New Mexico,0.274,0.097,0.118,0.261,0.119,0.131,2009,61067,82461.5,217796,36931,56276,1725799,0.45,4828,0.068
New York,0.241,0.092,0.121,0.295,0.119,0.132,2009,773,1160081.3,206557,1529520,3498751,14072238,0.5,75099,0.084
North Carolina,0.26,0.09,0.116,0.289,0.118,0.126,2009,3718,411155.8,152931,232059,2125058,6939518,0.46,21211,0.104
North Dakota,0.238,0.121,0.113,0.266,0.119,0.143,2009,11089,32226.0,38513,7448,9994,609013,0.45,521,0.041
Ohio,0.251,0.087,0.115,0.289,0.123,0.135,2009,12700,482281.1,38212,213540,1501406,9775738,0.45,11835,0.102
Oklahoma,0.268,0.099,0.119,0.265,0.115,0.134,2009,4838,146633.0,380066,76703,314025,2946778,0.46,5340,0.067
Oregon,0.242,0.091,0.124,0.278,0.131,0.134,2009,17309,159607.3,79533,174455,92275,3462337,0.44,8599,0.111
Pennsylvania,0.235,0.086,0.11,0.292,0.126,0.151,2009,15096,582144.8,45429,370947,1492281,10758201,0.46,18480,0.079
Rhode Island,0.233,0.086,0.117,0.298,0.124,0.142,2009,1607,47702.2,10192,34975,83320,925159,0.46,3096,0.109
South Carolina,0.254,0.089,0.116,0.279,0.126,0.136,2009,4473,161813.5,25980,68552,1320564,3174776,0.46,7265,0.115
South Dakota,0.264,0.098,0.113,0.262,0.124,0.139,2009,731,36432.9,76035,8755,12745,709532,0.45,688,0.052
Tennessee,0.252,0.088,0.119,0.287,0.122,0.131,2009,10532,252332.8,27852,103812,1087674,5086681,0.47,9474,0.105
Texas,0.296,0.098,0.13,0.275,0.1,0.101,2009,36761,1169607.7,261852,1051726,3101293,20386890,0.47,88116,0.075
Utah,0.329,0.121,0.142,0.234,0.085,0.09,2009,3795,113985.4,44616,91122,40659,2547024,0.41,5957,0.078
Vermont,0.22,0.095,0.1,0.299,0.142,0.143,2009,8852,26099.2,3098,8606,8372,604741,0.43,421,0.069
Virginia,0.254,0.092,0.117,0.295,0.119,0.122,2009,1214,410967.4,44517,475414,1623781,5782225,0.46,20928,0.069
Washington,0.251,0.091,0.125,0.289,0.123,0.12,2009,22782,351245.0,144735,571869,305941,5644881,0.44,19956,0.094
West Virginia,0.224,0.086,0.112,0.283,0.14,0.156,2009,6525,63600.7,4260,14146,70465,1758904,0.46,558,0.076
Wisconsin,0.246,0.094,0.114,0.292,0.122,0.132,2009,1667,247210.0,66166,138569,389316,5075213,0.43,6798,0.087
Wyoming,0.251,0.099,0.12,0.278,0.129,0.122,2009,515,36252.0,15669,5607,7133,531442,0.42,361,0.063
Alabama,0.254,0.094,0.113,0.276,0.126,0.138,2010,6046,177249.2,35759,65216,1281634,3402905,0.47,1053,0.093
Alaska,0.287,0.094,0.125,0.292,0.125,0.077,2010,1863,53331.6,120775,51550,31750,509907,0.42,480,0.08
Arizona,0.27,0.093,0.119,0.261,0.116,0.14,2010,13711,251153.0,359579,225783,317872,5504108,0.46,2723,0.104
Arkansas,0.26,0.091,0.111,0.27,0.124,0.143,2010,2762,101486.5,29140,47581,467425,2377852,0.46,880,0.079
California,0.265,0.101,0.127,0.282,0.111,0.114,2010,123480,1954092.7,740722,5542105,2722583,28314140,0.47,19063,0.124
Colorado,0.259,0.093,0.128,0.289,0.122,0.109,2010,15482,258300.2,93358,172617,247243,4534321,0.46,2532,0.09
Connecticut,0.244,0.082,0.104,0.303,0.128,0.14,2010,4316,234700.0,20162,152313,417462,2989236,0.49,2481,0.093
Delaware,0.245,0.092,0.112,0.281,0.128,0.143,2010,982,58163.5,6558,31903,205578,655608,0.44,400,0.08
District of Columbia,0.184,0.132,0.186,0.27,0.109,0.118,2010,6539,106146.9,4010,24898,318416,257958,,757,
Florida,0.227,0.089,0.106,0.277,0.127,0.175,2010,57551,746928.9,99581,543824,3187920,15014818,0.47,22735,0.113
Georgia,0.274,0.094,0.12,0.291,0.114,0.107,2010,19836,418091.3,53976,356124,3070994,6231115,0.47,4369,0.102
Hawaii,0.24,0.088,0.11,0.278,0.135,0.149,2010,5834,66872.9,6038,912180,34136,411650,0.43,2033,0.068
Idaho,0.289,0.094,0.119,0.257,0.116,0.125,2010,2346,55587.6,29929,25913,15358,1499619,0.43,187,0.087
Illinois,0.259,0.091,0.125,0.284,0.117,0.124,2010,14395,666404.8,86391,645883,1967465,10140806,0.47,4946,0.104
Indiana,0.263,0.091,0.115,0.281,0.122,0.128,2010,6452,282562.2,28957,119608,645754,5696236,0.44,2493,0.101
Iowa,0.252,0.091,0.114,0.272,0.126,0.145,2010,3014,142233.9,15518,60399,108474,2866428,0.43,1513,0.063
Kansas,0.272,0.093,0.115,0.27,0.12,0.131,2010,2024,128591.3,40704,78730,196488,2542344,0.45,998,0.071
Kentucky,0.249,0.09,0.117,0.284,0.128,0.132,2010,6623,166408.7,12890,58184,366299,3911091,0.47,1630,0.102
Louisiana,0.264,0.101,0.121,0.27,0.121,0.122,2010,12482,225308.9,36179,79930,1490626,2937900,0.48,1320,0.074
Maine,0.218,0.077,0.1,0.299,0.149,0.158,2010,2379,52256.2,10434,15294,19913,1282010,0.44,322,0.082
Maryland,0.248,0.091,0.118,0.297,0.124,0.123,2010,10845,314728.3,36401,356880,1789457,3606046,0.44,6709,0.078
Massachusetts,0.232,0.089,0.118,0.298,0.127,0.137,2010,16646,411136.1,35252,385456,543578,5602154,0.48,9025,0.083
Michigan,0.251,0.09,0.106,0.286,0.13,0.137,2010,13058,390043.0,85726,267638,1482896,8041337,0.45,4691,0.127
Minnesota,0.255,0.086,0.123,0.287,0.122,0.126,2010,7869,274231.3,78038,234473,314152,4684271,0.44,3026,0.074
Mississippi,0.274,0.093,0.112,0.271,0.121,0.129,2010,2743,93943.1,17589,30383,1117498,1805145,0.47,673,0.105
Missouri,0.252,0.092,0.114,0.279,0.124,0.139,2010,8122,259816.1,39039,118084,736352,5102614,0.46,2007,0.093
Montana,0.243,0.083,0.111,0.27,0.144,0.15,2010,1615,38336.1,69451,8214,7097,905968,0.44,385,0.068
Nebraska,0.265,0.092,0.122,0.268,0.121,0.132,2010,3877,91561.5,26047,38527,96754,1668263,0.43,714,0.047
Nevada,0.261,0.091,0.127,0.281,0.119,0.122,2010,11205,124669.4,49869,243823,256689,2152102,0.45,989,0.138
New Hampshire,0.232,0.078,0.099,0.315,0.141,0.135,2010,1574,64843.6,4539,31614,20167,1260487,0.43,501,0.061
New Jersey,0.248,0.082,0.113,0.301,0.121,0.134,2010,13737,492762.4,58558,782723,1335855,6622315,0.46,7070,0.096
New Mexico,0.267,0.096,0.11,0.265,0.128,0.134,2010,3475,84611.5,221295,38307,58343,1746669,0.46,450,0.079
New York,0.237,0.095,0.123,0.289,0.122,0.134,2010,65606,1223529.7,215287,1570615,3531155,14082899,0.5,19025,0.086
North Carolina,0.256,0.089,0.116,0.287,0.123,0.13,2010,12191,420027.6,157367,244033,2161166,7012020,0.46,4867,0.108
North Dakota,0.241,0.108,0.12,0.265,0.126,0.141,2010,799,35676.2,39332,8160,10589,616671,0.43,468,0.038
Ohio,0.25,0.086,0.111,0.284,0.129,0.139,2010,12569,500515.3,38958,220485,1513715,9766291,0.45,3507,0.1
Oklahoma,0.268,0.092,0.119,0.267,0.12,0.135,2010,5229,154287.4,389258,79744,320951,2970061,0.45,1295,0.069
Oregon,0.239,0.09,0.123,0.274,0.136,0.139,2010,19492,164137.2,81963,180013,94957,3480681,0.45,1710,0.107
Pennsylvania,0.235,0.088,0.107,0.285,0.132,0.154,2010,14516,604736.8,47478,385443,1510499,10767986,0.46,5695,0.084
Rhode Island,0.229,0.098,0.106,0.293,0.131,0.142,2010,1282,49468.3,10602,35822,85000,922570,0.47,1704,0.117
South Carolina,0.251,0.093,0.11,0.278,0.131,0.138,2010,4473,165860.0,26761,71110,1332407,3205568,0.46,1382,0.112
South Dakota,0.267,0.09,0.113,0.267,0.121,0.142,2010,731,37852.5,77268,9053,13779,716093,0.44,198,0.051
Tennessee,0.251,0.088,0.116,0.284,0.127,0.135,2010,10276,257776.0,28335,107514,1100979,5118690,0.47,1190,0.098
Texas,0.291,0.099,0.126,0.276,0.106,0.103,2010,35121,1245959.4,276817,1100149,3170463,20694468,0.47,14908,0.082
Utah,0.333,0.111,0.145,0.234,0.088,0.09,2010,3284,118669.8,46142,94901,42694,2591676,0.42,1019,0.081
Vermont,0.22,0.08,0.105,0.298,0.151,0.147,2010,1220,27406.6,3011,8787,8508,605580,0.44,109,0.064
Virginia,0.249,0.09,0.119,0.294,0.124,0.124,2010,9080,426992.4,46517,496252,1645955,5835280,0.46,5990,0.071
Washington,0.25,0.091,0.123,0.285,0.128,0.124,2010,22878,365497.8,148450,591545,313343,5689671,0.44,6084,0.099
West Virginia,0.223,0.084,0.106,0.279,0.147,0.162,2010,2264,65998.7,4130,14398,71552,1764185,0.45,124,0.084
Wisconsin,0.249,0.091,0.112,0.286,0.127,0.135,2010,6333,256432.9,67872,142719,395812,5084135,0.43,1244,0.085
Wyoming,0.259,0.094,0.121,0.272,0.131,0.124,2010,579,37680.7,15816,5771,7069,535875,0.42,219,0.07
Alabama,0.251,0.094,0.112,0.274,0.129,0.14,2011,5558,183916.6,35697,67196,1288707,3408042,0.47,5162,0.087
Alaska,0.278,0.102,0.126,0.282,0.13,0.083,2011,2128,56896.3,122230,53630,32700,513789,0.41,1442,0.076
Arizona,0.266,0.095,0.117,0.259,0.119,0.144,2011,10504,260915.7,365246,236036,326863,5545271,0.46,17104,0.094
Arkansas,0.257,0.089,0.117,0.266,0.127,0.145,2011,3424,105768.1,29648,50464,470981,2389945,0.47,4010,0.079
California,0.262,0.102,0.127,0.279,0.114,0.117,2011,125128,2023500.0,746596,5670008,2740917,28478790,0.48,96569,0.118
Colorado,0.254,0.094,0.13,0.285,0.125,0.112,2011,15116,267516.1,95113,179154,252870,4594763,0.46,13093,0.086
Connecticut,0.241,0.08,0.107,0.298,0.132,0.142,2011,4456,233158.7,20654,157521,422892,2987565,0.49,13189,0.089
Delaware,0.243,0.087,0.114,0.278,0.13,0.148,2011,1035,61372.2,6610,33248,208931,658801,0.44,1675,0.074
District of Columbia,0.187,0.116,0.204,0.266,0.113,0.115,2011,6546,109730.4,4170,26015,321885,268220,,2666,
Florida,0.224,0.09,0.107,0.272,0.13,0.177,2011,56687,755240.0,101738,561703,3258188,15133978,0.48,102343,0.103
Georgia,0.273,0.094,0.121,0.287,0.116,0.11,2011,20975,431653.9,54411,369599,3124114,6255506,0.48,12560,0.099
Hawaii,0.24,0.085,0.119,0.27,0.136,0.152,2011,6188,69083.9,6107,921362,36268,415825,0.43,7437,0.065
Idaho,0.283,0.094,0.118,0.256,0.121,0.128,2011,2199,56941.1,30635,27027,16102,1510508,0.43,1813,0.083
Illinois,0.256,0.092,0.124,0.28,0.121,0.126,2011,14009,692880.8,86708,668130,1969635,10143310,0.47,30893,0.097
Indiana,0.262,0.091,0.114,0.276,0.127,0.13,2011,6196,291356.1,29357,127108,653888,5706897,0.45,9401,0.09
Iowa,0.251,0.089,0.119,0.264,0.131,0.147,2011,3134,148477.6,16006,65475,111811,2873480,0.43,6447,0.059
Kansas,0.269,0.096,0.115,0.265,0.124,0.131,2011,2511,136358.9,41055,81952,198574,2548096,0.44,5133,0.065
Kentucky,0.25,0.088,0.116,0.28,0.131,0.135,2011,6034,171586.9,12951,60738,372027,3925101,0.47,5548,0.095
Louisiana,0.263,0.1,0.122,0.266,0.124,0.125,2011,9291,229945.0,36798,83024,1505164,2951258,0.48,7235,0.073
Maine,0.214,0.076,0.1,0.293,0.153,0.163,2011,2447,52575.5,10541,15886,20807,1281239,0.45,1265,0.077
Maryland,0.246,0.09,0.119,0.293,0.127,0.125,2011,10208,326281.2,36939,369147,1811405,3622750,0.45,21160,0.073
Massachusetts,0.23,0.089,0.117,0.294,0.131,0.138,2011,16664,425523.0,36040,401302,558462,5618414,0.48,34360,0.073
Michigan,0.246,0.095,0.106,0.28,0.134,0.14,2011,13185,404554.7,86373,279024,1485327,8032329,0.46,22175,0.104
Minnesota,0.254,0.088,0.123,0.28,0.125,0.129,2011,7495,287039.3,79665,244600,324926,4697429,0.44,12203,0.065
Mississippi,0.271,0.095,0.112,0.269,0.124,0.13,2011,2306,96218.0,17717,31615,1123666,1806149,0.47,2450,0.105
Missouri,0.25,0.09,0.118,0.273,0.129,0.141,2011,8989,262067.1,39603,123053,740839,5107687,0.46,9118,0.084
Montana,0.234,0.094,0.113,0.261,0.149,0.15,2011,1768,40995.1,70499,8747,7902,910370,0.44,617,0.066
Nebraska,0.264,0.096,0.117,0.265,0.125,0.134,2011,3548,99921.1,26793,39959,98658,1675504,0.45,2255,0.045
Nevada,0.256,0.092,0.125,0.279,0.122,0.126,2011,9150,127677.9,50418,248981,261092,2152623,0.45,1101,0.132
New Hampshire,0.227,0.082,0.099,0.308,0.145,0.139,2011,1469,66153.2,4650,33574,21003,1261217,0.43,3078,0.055
New Jersey,0.246,0.083,0.113,0.298,0.125,0.136,2011,14137,495965.8,59630,804114,1346119,6618689,0.47,34483,0.094
New Mexico,0.267,0.098,0.114,0.254,0.131,0.137,2011,3601,87062.8,224902,40036,59283,1756486,0.48,4176,0.075
New York,0.234,0.097,0.125,0.285,0.125,0.135,2011,63445,1247605.8,217857,1613891,3561342,14106831,0.5,87332,0.083
North Carolina,0.256,0.089,0.115,0.283,0.126,0.132,2011,12896,431722.7,159348,255669,2189304,7054592,0.47,10843,0.102
North Dakota,0.237,0.115,0.12,0.254,0.131,0.142,2011,603,41587.7,40228,8746,11676,624876,0.44,1209,0.035
Ohio,0.248,0.088,0.112,0.278,0.134,0.141,2011,13030,528189.9,39513,228314,1523957,9753951,0.46,15512,0.086
Oklahoma,0.266,0.092,0.12,0.262,0.124,0.137,2011,4625,166235.8,395784,84090,324890,2984060,0.46,7029,0.059
Oregon,0.233,0.092,0.124,0.269,0.138,0.143,2011,17254,170630.9,83098,188963,97337,3503274,0.46,10740,0.096
Pennsylvania,0.232,0.088,0.108,0.282,0.136,0.155,2011,15096,624819.7,48883,401473,1529622,10767074,0.46,28385,0.079
Rhode Island,0.224,0.097,0.111,0.288,0.135,0.144,2011,1070,50206.1,10829,37377,87033,918590,0.47,4585,0.112
South Carolina,0.248,0.093,0.11,0.273,0.134,0.141,2011,5093,172075.1,27065,74124,1340554,3230912,0.46,3404,0.104
South Dakota,0.263,0.091,0.115,0.26,0.127,0.145,2011,826,41892.1,78477,9686,14780,720797,0.43,1369,0.048
Tennessee,0.247,0.09,0.117,0.279,0.131,0.137,2011,9113,269814.2,28954,112889,1114123,5144332,0.48,9350,0.093
Texas,0.29,0.098,0.127,0.273,0.108,0.105,2011,36911,1341334.4,282087,1148678,3234968,20979771,0.48,69106,0.079
Utah,0.33,0.111,0.142,0.233,0.092,0.092,2011,3130,125565.0,46979,98240,43884,2625694,0.42,2900,0.069
Vermont,0.213,0.084,0.102,0.293,0.156,0.152,2011,1144,28418.7,3059,9406,8921,605811,0.43,1295,0.056
Virginia,0.247,0.091,0.12,0.289,0.127,0.126,2011,8816,435180.3,47269,514284,1660329,5880555,0.46,23466,0.064
Washington,0.245,0.092,0.126,0.28,0.131,0.126,2011,20439,379574.9,151778,614495,323849,5737357,0.44,20171,0.092
West Virginia,0.22,0.088,0.105,0.275,0.15,0.162,2011,2211,69234.1,4234,15414,72448,1764510,0.47,2133,0.078
Wisconsin,0.247,0.09,0.114,0.28,0.132,0.137,2011,5785,266364.4,69134,148087,400905,5087714,0.44,4390,0.075
Wyoming,0.251,0.094,0.127,0.262,0.14,0.126,2011,1038,39751.4,16219,5889,7435,537948,0.41,-85,0.061
Alabama,0.249,0.095,0.112,0.27,0.13,0.144,2012,5209,189245.5,35831,70718,1298786,3411297,0.47,6282,0.073
Alaska,0.27,0.106,0.129,0.278,0.134,0.085,2012,1913,58283.6,123496,55865,34085,517364,0.42,2482,0.07
Arizona,0.262,0.095,0.118,0.257,0.119,0.151,2012,11302,271440.0,371744,246269,337789,5600542,0.46,15673,0.083
Arkansas,0.255,0.091,0.117,0.263,0.126,0.149,2012,4214,108492.1,30389,53559,473397,2395531,0.46,4017,0.073
California,0.258,0.103,0.127,0.277,0.115,0.121,2012,120098,2113096.4,752532,5797634,2757917,28636468,0.48,95561,0.105
Colorado,0.252,0.095,0.129,0.279,0.126,0.118,2012,16768,276823.1,96581,186201,259425,4651453,0.46,11747,0.08
Connecticut,0.238,0.084,0.106,0.293,0.133,0.147,2012,4209,240911.9,21307,163228,428470,2982206,0.49,16211,0.084
Delaware,0.238,0.094,0.109,0.273,0.131,0.155,2012,1008,62354.6,6565,34430,211844,662679,0.44,1352,0.071
District of Columbia,0.192,0.108,0.207,0.266,0.111,0.116,2012,6954,112157.0,4302,27272,325718,278445,,3610,
Florida,0.22,0.09,0.109,0.269,0.13,0.182,2012,55170,778545.0,104360,580530,3328039,15289087,0.48,100592,0.086
Georgia,0.269,0.094,0.121,0.284,0.117,0.115,2012,20516,447764.7,55263,386984,3172134,6289199,0.48,22454,0.09
Hawaii,0.237,0.087,0.122,0.263,0.135,0.155,2012,6246,71905.3,6174,929390,38083,421552,0.43,10284,0.058
Idaho,0.281,0.095,0.116,0.254,0.123,0.132,2012,1968,58323.9,31080,27863,16492,1520475,0.43,1756,0.071
Illinois,0.253,0.093,0.124,0.277,0.123,0.13,2012,14144,726399.1,87219,690741,1971390,10133679,0.47,27408,0.089
Indiana,0.259,0.092,0.116,0.272,0.127,0.135,2012,6259,300513.9,29755,135282,661082,5712870,0.44,11135,0.084
Iowa,0.25,0.093,0.116,0.261,0.131,0.15,2012,2928,158538.4,16340,69609,114912,2875983,0.43,4314,0.052
Kansas,0.267,0.095,0.12,0.26,0.125,0.134,2012,2684,141818.2,41501,85068,201933,2557522,0.45,6323,0.057
Kentucky,0.246,0.09,0.115,0.277,0.132,0.14,2012,5230,178143.7,13116,63825,377011,3933913,0.47,8316,0.082
Louisiana,0.26,0.099,0.124,0.262,0.125,0.13,2012,7772,235384.7,37537,84999,1517572,2961959,0.49,4649,0.064
Maine,0.213,0.077,0.102,0.284,0.155,0.17,2012,2393,53679.7,10607,16147,21409,1279931,0.45,656,0.073
Maryland,0.244,0.09,0.122,0.287,0.128,0.129,2012,9454,332523.5,37578,381844,1831405,3637548,0.45,26172,0.068
Massachusetts,0.227,0.088,0.121,0.289,0.132,0.143,2012,17501,442916.9,36960,418842,575220,5633247,0.48,38843,0.067
Michigan,0.243,0.096,0.105,0.275,0.136,0.146,2012,12592,422691.2,87347,291220,1487764,8031958,0.46,24499,0.091
Minnesota,0.252,0.084,0.128,0.275,0.129,0.133,2012,7744,298328.3,80872,253808,334773,4708047,0.44,11609,0.056
Mississippi,0.271,0.098,0.112,0.261,0.124,0.134,2012,2413,100448.4,17954,32079,1128281,1806285,0.49,2310,0.092
Missouri,0.247,0.091,0.119,0.268,0.129,0.146,2012,10237,271535.1,40207,126608,745502,5113710,0.46,7165,0.069
Montana,0.232,0.088,0.111,0.261,0.15,0.157,2012,1833,42340.9,71584,9002,8546,915036,0.45,535,0.06
Nebraska,0.266,0.088,0.122,0.263,0.125,0.136,2012,3789,102725.9,27506,42230,100375,1683580,0.43,3319,0.039
Nevada,0.252,0.093,0.126,0.277,0.122,0.131,2012,8497,129312.9,51324,255941,270950,2166455,0.45,3660,0.111
New Hampshire,0.222,0.082,0.101,0.301,0.148,0.147,2012,1496,68498.1,4715,35465,21969,1262528,0.43,3442,0.055
New Jersey,0.243,0.083,0.114,0.294,0.126,0.139,2012,13025,517195.9,60832,822481,1355802,6606556,0.47,27902,0.095
New Mexico,0.266,0.09,0.119,0.255,0.13,0.141,2012,3245,87925.2,227779,41173,59913,1758850,0.47,3810,0.069
New York,0.232,0.097,0.126,0.28,0.126,0.139,2012,69566,1328233.5,221046,1655799,3584902,14112615,0.5,90304,0.085
North Carolina,0.251,0.09,0.114,0.281,0.126,0.138,2012,13524,445095.3,161715,269933,2219074,7101088,0.47,22624,0.095
North Dakota,0.237,0.112,0.129,0.251,0.132,0.14,2012,688,51832.6,41146,9457,13237,638387,0.46,1295,0.031
Ohio,0.244,0.089,0.111,0.274,0.135,0.146,2012,13977,545740.1,39880,237760,1534900,9738431,0.46,18352,0.072
Oklahoma,0.263,0.094,0.12,0.261,0.123,0.14,2012,5032,174874.4,401244,88345,329097,3000634,0.46,6906,0.052
Oregon,0.233,0.09,0.124,0.267,0.137,0.15,2012,15828,174611.0,84345,195373,99475,3520909,0.46,4676,0.087
Pennsylvania,0.229,0.09,0.11,0.274,0.138,0.159,2012,14736,647925.9,50277,416177,1547344,10755325,0.46,26413,0.079
Rhode Island,0.223,0.098,0.113,0.281,0.134,0.15,2012,1277,51583.0,11226,38554,88342,916771,0.46,4507,0.104
South Carolina,0.247,0.092,0.112,0.269,0.132,0.148,2012,4915,177618.1,27459,77736,1351255,3262577,0.47,6470,0.091
South Dakota,0.261,0.091,0.119,0.251,0.136,0.141,2012,859,43901.5,79748,10928,17090,726093,0.43,2242,0.044
Tennessee,0.246,0.09,0.116,0.276,0.13,0.142,2012,9426,286341.5,29779,117812,1130658,5177503,0.47,8627,0.08
Texas,0.286,0.099,0.128,0.271,0.109,0.109,2012,34052,1421180.1,287835,1206733,3311727,21277825,0.48,84838,0.068
Utah,0.324,0.113,0.142,0.234,0.092,0.095,2012,3527,129512.5,48099,102873,45549,2657625,0.42,5272,0.057
Vermont,0.21,0.088,0.103,0.28,0.157,0.161,2012,1160,29241.3,3041,9690,9121,604509,0.44,337,0.05
Virginia,0.245,0.09,0.123,0.285,0.126,0.132,2012,8424,445973.6,47864,534684,1678037,5926871,0.47,37768,0.059
Washington,0.243,0.092,0.126,0.277,0.131,0.132,2012,20504,400530.6,154960,636874,334507,5772258,0.45,22202,0.082
West Virginia,0.219,0.087,0.106,0.27,0.151,0.167,2012,2410,70322.2,4355,15938,72993,1764160,0.46,1133,0.073
Wisconsin,0.244,0.088,0.116,0.276,0.134,0.142,2012,6027,277107.1,70342,153742,405121,5091620,0.44,6073,0.069
Wyoming,0.249,0.093,0.129,0.259,0.14,0.13,2012,1813,38855.4,16683,6399,9680,543894,0.42,609,0.054
Alabama,0.248,0.094,0.113,0.265,0.131,0.149,2013,4689,194786.9,35862,73272,1308730,3413722,0.48,5494,0.072
Alaska,0.272,0.107,0.136,0.265,0.126,0.094,2013,1946,57247.7,124657,58302,34987,519680,0.41,2995,0.069
Arizona,0.258,0.095,0.119,0.252,0.12,0.155,2013,10562,278591.6,377601,257339,348298,5651452,0.47,18580,0.078
Arkansas,0.255,0.089,0.118,0.259,0.127,0.153,2013,3812,113227.3,30733,55030,476299,2398397,0.47,2627,0.074
California,0.253,0.102,0.129,0.273,0.116,0.126,2013,118552,2220389.9,758069,5942678,2772458,28780563,0.49,113526,0.089
Colorado,0.251,0.095,0.13,0.275,0.127,0.123,2013,9754,292140.5,98696,193424,266716,4711938,0.46,9510,0.068
Connecticut,0.235,0.082,0.111,0.286,0.137,0.15,2013,4448,241517.4,21919,165848,434428,2973597,0.5,11331,0.077
Delaware,0.235,0.087,0.117,0.271,0.133,0.158,2013,946,61716.2,6650,36443,214910,666059,0.45,2504,0.067
District of Columbia,0.187,0.113,0.207,0.266,0.111,0.116,2013,6865,114540.1,4662,28629,331080,287188,,4980,
Florida,0.219,0.089,0.109,0.265,0.131,0.187,2013,47862,811751.7,105996,599542,3390783,15455357,0.48,105369,0.073
Georgia,0.267,0.094,0.119,0.281,0.118,0.12,2013,16971,464752.8,55751,403716,3214685,6301440,0.48,23207,0.082
Hawaii,0.236,0.09,0.121,0.258,0.133,0.162,2013,6335,74554.9,6302,934711,39329,428480,0.44,5873,0.048
Idaho,0.28,0.093,0.116,0.25,0.123,0.139,2013,1781,61835.8,31747,28622,17247,1534437,0.44,2039,0.061
Illinois,0.248,0.094,0.125,0.275,0.125,0.133,2013,13425,741121.5,87500,714379,1973337,10120562,0.48,27738,0.091
Indiana,0.257,0.092,0.115,0.269,0.129,0.138,2013,6096,312138.5,30351,142999,670204,5727021,0.46,9194,0.077
Iowa,0.25,0.091,0.115,0.258,0.134,0.152,2013,3084,162200.3,16937,74904,120478,2881616,0.44,7202,0.048
Kansas,0.265,0.094,0.12,0.254,0.127,0.139,2013,2693,144483.2,41916,88459,203518,2560413,0.46,6080,0.053
Kentucky,0.245,0.092,0.114,0.272,0.133,0.144,2013,5245,184524.4,13308,67420,383151,3943027,0.47,9326,0.08
Louisiana,0.257,0.1,0.126,0.258,0.128,0.131,2013,5226,230832.5,38174,86938,1529992,2970936,0.49,6562,0.067
Maine,0.206,0.08,0.1,0.28,0.158,0.176,2013,3016,54470.1,10664,16638,22110,1279131,0.45,1910,0.066
Maryland,0.241,0.088,0.123,0.284,0.129,0.133,2013,8205,340577.6,38176,392787,1850870,3643364,0.46,21774,0.066
Massachusetts,0.223,0.091,0.122,0.283,0.133,0.148,2013,19029,454321.2,37654,435881,592259,5649364,0.48,37447,0.067
Michigan,0.24,0.096,0.107,0.27,0.139,0.149,2013,11527,437274.4,87902,304416,1487426,8035058,0.46,23793,0.087
Minnesota,0.249,0.087,0.125,0.271,0.131,0.138,2013,8214,311126.4,82327,262780,346476,4723139,0.45,11388,0.049
Mississippi,0.265,0.096,0.113,0.26,0.127,0.139,2013,2403,102371.0,18148,33354,1134074,1804263,0.48,2082,0.087
Missouri,0.244,0.093,0.119,0.264,0.131,0.149,2013,8581,280571.0,40680,130199,751232,5120878,0.46,6101,0.067
Montana,0.234,0.092,0.111,0.25,0.15,0.162,2013,1878,43687.9,72788,9899,8709,922762,0.46,1862,0.054
Nebraska,0.264,0.093,0.123,0.254,0.127,0.14,2013,3145,107260.7,28187,44021,102456,1691149,0.44,3241,0.038
Nevada,0.25,0.091,0.126,0.273,0.122,0.137,2013,7039,132086.4,52122,265256,277584,2181994,0.45,4534,0.095
New Hampshire,0.219,0.082,0.104,0.293,0.15,0.152,2013,1447,70476.2,4804,37057,22625,1262786,0.44,2734,0.051
New Jersey,0.242,0.084,0.114,0.289,0.128,0.143,2013,12002,534177.8,61741,838896,1365829,6591355,0.48,28778,0.082
New Mexico,0.26,0.096,0.115,0.25,0.13,0.149,2013,2819,88756.9,231336,42341,60874,1758282,0.48,5710,0.069
New York,0.229,0.096,0.128,0.277,0.128,0.143,2013,77430,1365529.0,223403,1693363,3608460,14101262,0.51,78010,0.077
North Carolina,0.248,0.091,0.114,0.277,0.127,0.143,2013,12168,462268.9,163680,286446,2250605,7145986,0.48,20169,0.079
North Dakota,0.236,0.124,0.122,0.246,0.132,0.14,2013,2069,54271.0,42324,10397,15871,654557,0.46,1254,0.029
Ohio,0.242,0.089,0.113,0.269,0.137,0.15,2013,12325,566532.4,40556,251123,1551746,9736267,0.47,24896,0.075
Oklahoma,0.262,0.096,0.122,0.255,0.123,0.141,2013,4408,182694.7,407742,93030,334750,3018369,0.46,5987,0.053
Oregon,0.229,0.091,0.121,0.266,0.139,0.154,2013,13822,179527.7,85197,200470,101599,3536844,0.46,3706,0.079
Pennsylvania,0.226,0.089,0.112,0.27,0.14,0.163,2013,15086,668569.1,51578,431961,1563578,10732421,0.47,30378,0.074
Rhode Island,0.217,0.099,0.116,0.277,0.138,0.154,2013,1384,53034.1,11471,39351,90456,914282,0.48,3938,0.093
South Carolina,0.242,0.094,0.112,0.266,0.133,0.153,2013,6544,185009.1,27762,80818,1362552,3295337,0.47,5742,0.076
South Dakota,0.256,0.092,0.12,0.254,0.134,0.145,2013,1094,45361.0,80916,11512,18180,732143,0.44,228,0.038
Tennessee,0.244,0.092,0.116,0.272,0.131,0.146,2013,9528,295862.7,30385,122650,1141927,5201981,0.48,10586,0.078
Texas,0.283,0.099,0.128,0.268,0.11,0.112,2013,29615,1515195.6,293743,1267716,3386034,21532153,0.48,79571,0.062
Utah,0.326,0.11,0.137,0.237,0.093,0.098,2013,3277,135450.4,49205,106845,47142,2695581,0.43,3545,0.047
Vermont,0.215,0.079,0.106,0.279,0.156,0.167,2013,1454,29289.6,3040,10024,9458,604081,0.45,432,0.044
Virginia,0.243,0.09,0.122,0.281,0.128,0.136,2013,7625,457640.5,48540,552117,1694873,5960331,0.47,26352,0.057
Washington,0.241,0.091,0.128,0.272,0.131,0.137,2013,17760,419092.4,157968,659522,343356,5805406,0.46,19729,0.07
West Virginia,0.217,0.087,0.106,0.267,0.151,0.173,2013,2240,71481.5,4440,16305,73811,1760212,0.46,885,0.067
Wisconsin,0.241,0.089,0.116,0.271,0.136,0.147,2013,6104,284270.9,71388,160923,408892,5096809,0.44,8235,0.068
Wyoming,0.251,0.097,0.131,0.248,0.14,0.133,2013,953,39289.8,17008,6641,10701,548270,0.42,594,0.047
Alabama,0.243,0.094,0.113,0.263,0.133,0.154,2014,4561,197406.9,36048,75449,1316194,3416046,0.48,4159,0.068
Alaska,0.272,0.109,0.131,0.261,0.131,0.096,2014,1784,56484.9,125581,59232,34958,517304,0.42,1343,0.068
Arizona,0.255,0.096,0.117,0.251,0.12,0.161,2014,10495,287666.6,383884,269582,360255,5719152,0.47,21867,0.069
Arkansas,0.256,0.089,0.115,0.258,0.127,0.156,2014,2936,116139.4,31243,57005,478955,2401556,0.47,3424,0.061
California,0.25,0.101,0.131,0.271,0.118,0.129,2014,113952,2335286.5,764102,6097929,2793879,28930796,0.49,127975,0.075
Colorado,0.247,0.094,0.133,0.271,0.127,0.128,2014,10028,309542.6,100708,200939,274825,4776165,0.46,10182,0.05
Connecticut,0.231,0.084,0.11,0.283,0.139,0.154,2014,4450,246597.0,22404,172025,439150,2962118,0.5,18386,0.066
Delaware,0.234,0.093,0.112,0.261,0.137,0.164,2014,901,68354.7,6695,37921,218518,669997,0.45,1901,0.057
District of Columbia,0.188,0.104,0.213,0.271,0.109,0.115,2014,7748,119414.6,4793,29691,334100,295019,,5460,
Florida,0.217,0.088,0.111,0.261,0.131,0.192,2014,41542,851692.4,108534,620390,3459222,15665734,0.48,114339,0.063
Georgia,0.264,0.094,0.121,0.278,0.119,0.124,2014,16521,490079.3,56467,419237,3267909,6327591,0.48,17777,0.072
Hawaii,0.233,0.087,0.126,0.256,0.132,0.167,2014,6918,76773.3,6455,937092,40423,431365,0.43,4071,0.044
Idaho,0.278,0.094,0.114,0.246,0.124,0.144,2014,2104,64575.2,32356,29718,18025,1552149,0.45,1589,0.048
Illinois,0.246,0.093,0.124,0.272,0.128,0.137,2014,13107,771356.1,87926,733099,1972128,10091939,0.48,28923,0.071
Indiana,0.254,0.093,0.116,0.266,0.13,0.142,2014,5971,327958.3,30802,150495,678368,5736354,0.45,10133,0.06
Iowa,0.248,0.09,0.116,0.255,0.134,0.156,2014,3122,173095.9,17413,80031,126280,2886919,0.44,7093,0.044
Kansas,0.266,0.095,0.119,0.251,0.128,0.141,2014,2783,150183.6,42145,91737,205272,2562707,0.46,6873,0.045
Kentucky,0.243,0.091,0.113,0.271,0.134,0.148,2014,5089,187983.8,13526,69753,386702,3947011,0.47,5447,0.065
Louisiana,0.256,0.098,0.126,0.256,0.128,0.136,2014,4606,240737.3,38836,88304,1539740,2979058,0.49,5096,0.064
Maine,0.204,0.079,0.102,0.274,0.16,0.182,2014,2726,56410.8,10808,17368,23306,1279735,0.46,3172,0.057
Maryland,0.24,0.089,0.124,0.28,0.131,0.137,2014,7856,352761.3,39041,403924,1871391,3645708,0.45,23752,0.058
Massachusetts,0.221,0.092,0.123,0.279,0.135,0.15,2014,21237,470468.5,38311,454013,608738,5663802,0.49,44485,0.058
Michigan,0.236,0.096,0.109,0.265,0.14,0.154,2014,12227,451773.2,88632,317286,1489035,8037080,0.46,23685,0.073
Minnesota,0.247,0.087,0.127,0.266,0.133,0.14,2014,8377,324751.4,83262,272913,360722,4735768,0.45,16291,0.041
Mississippi,0.263,0.094,0.112,0.259,0.128,0.144,2014,2226,104300.3,18389,34378,1138118,1801007,0.48,2922,0.078
Missouri,0.243,0.091,0.12,0.261,0.133,0.152,2014,7282,287507.5,41504,134651,755894,5127081,0.46,6917,0.061
Montana,0.231,0.096,0.111,0.245,0.151,0.167,2014,1745,45177.2,73839,10340,8934,929544,0.45,817,0.047
Nebraska,0.266,0.089,0.122,0.252,0.128,0.143,2014,3026,111945.9,29208,47503,105102,1698142,0.44,5133,0.033
Nevada,0.245,0.093,0.126,0.272,0.122,0.142,2014,8582,136008.7,53535,274464,287469,2203467,0.44,3893,0.078
New Hampshire,0.217,0.085,0.103,0.286,0.153,0.157,2014,1376,72995.2,4852,38737,23431,1267237,0.44,3034,0.043
New Jersey,0.239,0.085,0.114,0.285,0.131,0.145,2014,11671,542842.8,62703,854659,1375958,6573957,0.48,30103,0.066
New Mexico,0.254,0.102,0.115,0.244,0.133,0.153,2014,2746,92185.7,234445,42763,61603,1751425,0.48,1913,0.065
New York,0.227,0.095,0.129,0.274,0.129,0.146,2014,80590,1430923.3,225076,1734683,3622070,14071602,0.51,84452,0.063
North Carolina,0.246,0.091,0.114,0.274,0.128,0.147,2014,11491,483191.3,165805,301134,2279235,7191121,0.47,18908,0.061
North Dakota,0.241,0.118,0.134,0.238,0.13,0.14,2014,1258,59926.3,43263,11003,18392,666078,0.47,961,0.028
Ohio,0.241,0.089,0.114,0.265,0.138,0.153,2014,11823,595640.9,41258,264369,1568118,9732828,0.46,21553,0.057
Oklahoma,0.26,0.097,0.122,0.253,0.124,0.145,2014,4191,196631.6,413656,97544,338921,3029066,0.47,6760,0.045
Oregon,0.227,0.087,0.125,0.262,0.139,0.16,2014,12164,188120.7,86531,209233,105050,3564633,0.46,7240,0.069
Pennsylvania,0.225,0.087,0.116,0.265,0.142,0.166,2014,15333,694142.6,52901,448657,1578043,10712791,0.47,35522,0.058
Rhode Island,0.218,0.095,0.119,0.272,0.138,0.158,2014,1190,54559.7,11753,40437,92368,911953,0.48,3607,0.077
South Carolina,0.24,0.091,0.114,0.263,0.134,0.159,2014,5057,194352.7,28186,84952,1374446,3339274,0.47,6936,0.064
South Dakota,0.261,0.095,0.117,0.245,0.134,0.148,2014,885,46785.4,81865,12019,18807,736979,0.45,1189,0.034
Tennessee,0.242,0.093,0.115,0.268,0.132,0.15,2014,9415,306153.1,31142,126817,1154227,5232431,0.48,8250,0.067
Texas,0.281,0.098,0.129,0.266,0.111,0.115,2014,28495,1579299.5,300306,1344062,3473134,21845590,0.48,106776,0.051
Utah,0.324,0.108,0.135,0.237,0.096,0.101,2014,3081,142150.1,50274,110735,48493,2728825,0.43,5513,0.038
Vermont,0.207,0.085,0.107,0.271,0.16,0.171,2014,1559,30099.4,3052,10321,9710,602610,0.44,390,0.041
Virginia,0.242,0.092,0.122,0.276,0.129,0.14,2014,7020,465181.8,49215,572115,1711915,5982185,0.47,35428,0.052
Washington,0.24,0.092,0.128,0.268,0.132,0.141,2014,18442,440648.0,161288,689410,352805,5854028,0.45,30898,0.062
West Virginia,0.217,0.087,0.106,0.262,0.149,0.179,2014,2013,72648.2,4496,16754,74291,1755028,0.45,1238,0.065
Wisconsin,0.238,0.092,0.115,0.267,0.137,0.151,2014,6055,295696.0,72433,167558,413390,5099818,0.44,7986,0.055
Wyoming,0.248,0.093,0.129,0.253,0.143,0.135,2014,757,40310.6,17381,6687,10016,549075,0.43,-127,0.043
Alabama,0.243,0.09,0.115,0.261,0.134,0.158,2015,3970,202372.4,36311,78032,1324193,3416267,0.4811,5095,0.061
Alaska,0.271,0.111,0.136,0.251,0.131,0.1,2015,1956,51490.9,126461,60698,35203,516068,0.4322,2417,0.065
Arizona,0.251,0.095,0.117,0.25,0.121,0.166,2015,9896,299393.3,389602,279743,373741,5789724,0.4702,20141,0.061
Arkansas,0.25,0.09,0.116,0.256,0.128,0.159,2015,2560,117786.8,31786,59358,482555,2406033,0.4773,3620,0.052
California,0.246,0.1,0.132,0.269,0.12,0.133,2015,115738,2473555.9,770071,6266689,2811957,29055579,0.4876,153571,0.062
Colorado,0.245,0.093,0.136,0.268,0.128,0.131,2015,9953,320721.1,103296,210785,283486,4856761,0.458,13926,0.039
Connecticut,0.229,0.087,0.108,0.278,0.142,0.156,2015,4047,259487.8,22864,176918,444251,2944528,0.4916,16726,0.056
Delaware,0.231,0.09,0.115,0.258,0.138,0.169,2015,953,71913.9,6738,39766,222424,673137,0.4523,2402,0.049
District of Columbia,0.189,0.105,0.212,0.27,0.111,0.113,2015,7298,124604.7,4904,31336,336655,304119,,5298,
Florida,0.215,0.086,0.112,0.259,0.133,0.196,2015,35900,908519.9,111573,643907,3532210,15931421,0.4872,134725,0.054
Georgia,0.263,0.092,0.12,0.277,0.121,0.127,2015,13790,521008.2,57418,437759,3325883,6362293,0.4801,26234,0.059
Hawaii,0.233,0.089,0.125,0.252,0.131,0.17,2015,7620,81230.3,6520,940258,41713,434508,0.4346,7434,0.036
Idaho,0.276,0.092,0.115,0.246,0.125,0.147,2015,1966,65899.9,33208,31260,18841,1569186,0.4525,3294,0.041
Illinois,0.243,0.094,0.124,0.27,0.129,0.141,2015,13177,799930.5,88253,750877,1968854,10051601,0.4817,30358,0.059
Indiana,0.253,0.095,0.114,0.262,0.132,0.145,2015,5863,331945.7,31182,157433,685921,5736906,0.4519,8389,0.048
Iowa,0.246,0.092,0.116,0.252,0.136,0.158,2015,3081,180299.3,17833,83411,131635,2889662,0.4393,5701,0.037
Kansas,0.264,0.093,0.119,0.251,0.13,0.144,2015,2588,154958.2,42223,96439,206993,2565062,0.4596,9413,0.042
Kentucky,0.242,0.09,0.112,0.267,0.136,0.152,2015,4538,193413.1,13612,73548,390569,3951397,0.4781,7900,0.054
Louisiana,0.255,0.096,0.126,0.253,0.13,0.14,2015,4081,235113.5,39206,91039,1548807,2987946,0.4909,6523,0.063
Maine,0.2,0.08,0.1,0.269,0.161,0.19,2015,2372,58131.3,10885,17509,23806,1276898,0.4523,770,0.044
Maryland,0.237,0.091,0.122,0.277,0.133,0.141,2015,8390,369728.1,40167,415612,1891416,3641333,0.4524,27935,0.052
Massachusetts,0.218,0.091,0.125,0.275,0.138,0.153,2015,21135,498851.3,39026,469851,623633,5664974,0.4848,40816,0.05
Michigan,0.235,0.095,0.111,0.261,0.141,0.159,2015,10516,474983.3,89243,328739,1489379,8027122,0.4667,21766,0.054
Minnesota,0.246,0.085,0.125,0.265,0.135,0.144,2015,7546,335530.2,84512,282513,375321,4741656,0.4492,16783,0.037
Mississippi,0.263,0.094,0.109,0.257,0.128,0.148,2015,1983,105914.6,18602,35434,1140645,1795550,0.4759,3496,0.065
Missouri,0.243,0.093,0.116,0.257,0.136,0.155,2015,6482,296929.3,42141,139725,760593,5132952,0.4634,9806,0.05
Montana,0.229,0.092,0.114,0.243,0.149,0.173,2015,1709,46604.1,74617,10723,9221,936934,0.4623,798,0.041
Nebraska,0.264,0.094,0.119,0.249,0.129,0.146,2015,2744,116514.6,30167,50282,107189,1704421,0.4473,4195,0.03
Nevada,0.243,0.09,0.126,0.271,0.124,0.148,2015,8743,145115.9,54902,284687,300098,2228844,0.4548,6468,0.067
New Hampshire,0.213,0.083,0.105,0.279,0.157,0.163,2015,1445,76478.0,4897,40512,24430,1267641,0.4347,4102,0.034
New Jersey,0.237,0.086,0.114,0.282,0.134,0.148,2015,10098,563233.8,63680,873527,1383931,6549174,0.4832,41337,0.056
New Mexico,0.255,0.093,0.116,0.243,0.132,0.16,2015,2629,90274.3,237738,43703,62353,1746277,0.4795,3874,0.066
New York,0.225,0.095,0.13,0.271,0.131,0.149,2015,88250,1487627.6,226472,1774799,3631668,14024382,0.5138,84301,0.053
North Carolina,0.244,0.09,0.115,0.271,0.129,0.151,2015,10685,508928.7,168172,315076,2306449,7247521,0.4776,22402,0.057
North Dakota,0.246,0.108,0.136,0.24,0.129,0.141,2015,1305,55996.9,44328,12225,22589,676395,0.4664,2247,0.027
Ohio,0.24,0.088,0.115,0.261,0.139,0.157,2015,11182,611019.5,41721,277890,1584682,9718022,0.4637,25327,0.049
Oklahoma,0.263,0.091,0.123,0.249,0.127,0.147,2015,3777,186815.6,419814,103337,344322,3043045,0.4702,9593,0.042
Oregon,0.224,0.089,0.124,0.262,0.137,0.165,2015,13226,200659.6,88136,217546,108552,3604308,0.4622,5616,0.057
Pennsylvania,0.224,0.086,0.115,0.261,0.143,0.17,2015,15421,714202.9,54356,462459,1590715,10682308,0.4685,32725,0.051
Rhode Island,0.216,0.096,0.12,0.268,0.142,0.159,2015,1111,56390.8,12163,41550,94297,908876,0.4732,4654,0.06
South Carolina,0.236,0.094,0.112,0.26,0.135,0.164,2015,5354,205816.7,28783,89518,1387621,3390084,0.4698,7986,0.06
South Dakota,0.262,0.089,0.119,0.241,0.136,0.155,2015,1036,48070.2,82793,12845,19703,739322,0.4436,1734,0.031
Tennessee,0.241,0.091,0.116,0.266,0.132,0.154,2015,9123,325294.0,31881,131859,1165581,5266033,0.4789,10702,0.058
Texas,0.28,0.097,0.129,0.265,0.113,0.117,2015,23678,1573498.4,306761,1424647,3566630,22170493,0.4823,117265,0.045
Utah,0.321,0.11,0.131,0.239,0.095,0.103,2015,3025,149153.4,51355,114843,49950,2767478,0.4252,4148,0.035
Vermont,0.201,0.083,0.113,0.266,0.162,0.176,2015,1523,30933.3,3068,11447,10142,601153,0.4452,2251,0.037
Virginia,0.241,0.09,0.121,0.274,0.13,0.144,2015,7001,483786.5,49900,592206,1729111,5996086,0.4681,39097,0.044
Washington,0.237,0.091,0.13,0.265,0.132,0.145,2015,19419,466689.7,164614,722486,363793,5916394,0.4561,33108,0.057
West Virginia,0.216,0.086,0.104,0.262,0.149,0.183,2015,1835,71318.5,4571,17107,74581,1747073,0.4581,1476,0.067
Wisconsin,0.236,0.088,0.114,0.265,0.141,0.155,2015,6057,307507.9,73499,174129,417320,5097979,0.441,9310,0.046
Wyoming,0.256,0.092,0.123,0.244,0.142,0.142,2015,798,38426.9,17559,6973,9704,552153,0.4374,860,0.042
Alabama,0.241,0.09,0.115,0.258,0.135,0.161,2016,4111,207368.4,36583,80802,1329793,3419646,0.4847,6301,0.06
Alaska,0.272,0.102,0.142,0.251,0.132,0.103,2016,1940,50727.7,127301,62891,36008,516375,0.4081,2442,0.066
Arizona,0.249,0.094,0.118,0.246,0.121,0.172,2016,9707,313081.4,396100,292668,389062,5866937,0.4713,20694,0.053
Arkansas,0.253,0.091,0.113,0.251,0.129,0.163,2016,2463,119152.4,32615,62377,486032,2410791,0.4719,3700,0.04
California,0.245,0.098,0.133,0.267,0.121,0.137,2016,118142,2569634.0,775657,6414728,2826208,29132593,0.4899,138763,0.054
Colorado,0.241,0.093,0.135,0.268,0.128,0.135,2016,10550,329911.7,105791,219094,290959,4928000,0.4586,10146,0.033
Connecticut,0.225,0.088,0.11,0.272,0.145,0.16,2016,3902,263670.3,23328,180331,448868,2927303,0.4945,14624,0.051
Delaware,0.228,0.081,0.121,0.253,0.141,0.176,2016,1070,69355.0,6846,40850,226159,676134,0.4522,1834,0.044
District of Columbia,0.192,0.102,0.211,0.27,0.107,0.119,2016,8350,129648.6,5037,32778,338102,311659,,3710,
Florida,0.213,0.085,0.113,0.255,0.134,0.2,2016,33559,953352.5,114660,671292,3609817,16231468,0.4852,157803,0.049
Georgia,0.261,0.091,0.121,0.273,0.122,0.133,2016,12909,547546.7,59042,460360,3387170,6401870,0.4813,35276,0.054
Hawaii,0.232,0.082,0.123,0.254,0.135,0.175,2016,7921,83914.4,6415,944056,42791,435623,0.442,9792,0.03
Idaho,0.274,0.088,0.118,0.242,0.124,0.153,2016,2247,68837.4,34009,33280,19971,1596776,0.4503,3618,0.038
Illinois,0.242,0.09,0.125,0.267,0.131,0.145,2016,11590,807043.2,88558,764702,1961520,10006929,0.481,24566,0.059
Indiana,0.252,0.094,0.115,0.257,0.133,0.149,2016,5798,340500.7,31611,166827,695682,5743778,0.4527,13904,0.044
Iowa,0.244,0.091,0.116,0.251,0.135,0.163,2016,3064,181011.4,18215,86963,136998,2891034,0.4451,6003,0.037
Kansas,0.262,0.096,0.116,0.248,0.13,0.148,2016,2255,160451.0,42309,99947,207152,2563569,0.455,7913,0.042
Kentucky,0.242,0.09,0.113,0.263,0.137,0.155,2016,4237,196484.9,13920,76978,394945,3954463,0.4813,7550,0.05
Louisiana,0.255,0.093,0.126,0.252,0.13,0.145,2016,3994,227090.7,39620,93141,1556705,2991880,0.499,6770,0.061
Maine,0.205,0.072,0.107,0.263,0.161,0.193,2016,2241,60254.4,11011,18278,24849,1278210,0.4519,2118,0.039
Maryland,0.238,0.085,0.124,0.274,0.134,0.146,2016,7689,387733.4,41018,424595,1906850,3634551,0.4499,22015,0.043
Massachusetts,0.218,0.089,0.127,0.27,0.138,0.158,2016,19608,514637.6,39675,487429,638884,5661292,0.4786,44834,0.037
Michigan,0.232,0.094,0.113,0.257,0.143,0.162,2016,9316,490264.0,89858,342850,1491512,8029897,0.4695,28244,0.049
Minnesota,0.245,0.085,0.124,0.261,0.136,0.149,2016,7341,344060.8,85442,292779,393255,4753884,0.4496,16581,0.039
Mississippi,0.262,0.094,0.109,0.255,0.129,0.151,2016,1738,107291.4,18749,35684,1144097,1792065,0.4828,1124,0.058
Missouri,0.244,0.087,0.118,0.256,0.137,0.159,2016,6194,300914.5,42878,143133,764751,5140622,0.4646,6232,0.045
Montana,0.232,0.092,0.108,0.239,0.151,0.178,2016,1418,45490.9,75495,11296,9597,945749,0.4667,1026,0.041
Nebraska,0.259,0.094,0.119,0.25,0.129,0.149,2016,2754,118145.9,31068,53836,110030,1711549,0.4477,6024,0.032
Nevada,0.242,0.089,0.127,0.266,0.125,0.151,2016,7398,151840.4,56308,294913,314504,2253830,0.4577,2866,0.057
New Hampshire,0.21,0.082,0.108,0.273,0.158,0.169,2016,1366,79090.1,4996,41958,25829,1270911,0.4304,3995,0.028
New Jersey,0.236,0.085,0.115,0.277,0.135,0.152,2016,8895,575501.0,64300,892687,1388920,6527677,0.4813,38908,0.05
New Mexico,0.248,0.093,0.118,0.243,0.134,0.165,2016,2263,89769.4,239975,44231,63322,1745027,0.4769,2609,0.067
New York,0.223,0.093,0.131,0.268,0.132,0.153,2016,86352,1551354.1,227949,1811451,3635011,13961980,0.5129,88805,0.048
North Carolina,0.242,0.087,0.115,0.27,0.131,0.155,2016,9559,526029.8,170658,332508,2338708,7319928,0.478,21565,0.051
North Dakota,0.243,0.107,0.135,0.241,0.131,0.144,2016,923,51989.2,44774,13051,25450,672839,0.4533,1589,0.032
Ohio,0.238,0.087,0.116,0.256,0.141,0.161,2016,10404,623265.3,42338,292438,1600116,9705168,0.468,25041,0.049
Oklahoma,0.263,0.092,0.122,0.246,0.127,0.15,2016,4107,181244.4,425179,106235,347566,3049163,0.4645,8011,0.049
Oregon,0.223,0.088,0.127,0.258,0.136,0.169,2016,13238,211305.9,90246,231264,112924,3658837,0.4583,13081,0.049
Pennsylvania,0.222,0.084,0.119,0.257,0.145,0.173,2016,15339,726561.9,56144,477806,1604591,10649927,0.4689,38966,0.054
Rhode Island,0.213,0.096,0.12,0.263,0.145,0.164,2016,1160,57353.5,12423,42496,96319,906578,0.4781,4242,0.053
South Carolina,0.237,0.087,0.116,0.256,0.136,0.169,2016,5051,215120.2,29412,94213,1399746,3439660,0.4735,5811,0.048
South Dakota,0.263,0.088,0.123,0.233,0.137,0.157,2016,1072,49151.4,83871,14243,21702,743877,0.4495,3337,0.028
Tennessee,0.24,0.088,0.118,0.265,0.132,0.157,2016,8779,336413.9,32646,136672,1176679,5305280,0.479,8066,0.048
Texas,0.279,0.097,0.13,0.262,0.113,0.12,2016,23122,1579014.9,312609,1496000,3656534,22448921,0.48,110382,0.046
Utah,0.321,0.108,0.131,0.238,0.097,0.105,2016,2807,157827.3,52401,120560,52664,2818616,0.4263,7669,0.034
Vermont,0.204,0.085,0.106,0.261,0.159,0.186,2016,1117,31661.2,3115,11942,10379,598930,0.4539,758,0.033
Virginia,0.239,0.088,0.121,0.272,0.133,0.149,2016,6268,496021.1,50744,611331,1743812,6011764,0.4705,36646,0.04
Washington,0.236,0.089,0.13,0.264,0.132,0.149,2016,20827,487275.1,168286,756975,377112,5997588,0.4591,29102,0.054
West Virginia,0.217,0.085,0.104,0.258,0.148,0.188,2016,1387,70924.4,4617,17558,74558,1735702,0.4711,1290,0.06
Wisconsin,0.234,0.09,0.115,0.258,0.144,0.16,2016,5685,314073.3,74682,180144,421190,5099154,0.4498,8141,0.041
Wyoming,0.255,0.089,0.121,0.245,0.141,0.15,2016,857,35879.0,17639,7231,9703,550670,0.436,530,0.053
Alabama,0.24,0.091,0.113,0.255,0.136,0.165,2017,3793,214606.3,36834,83101,1335123,3422931,0.4768,3546,0.044
Alaska,0.271,0.09,0.138,0.259,0.13,0.113,2017,1845,53301.5,127751,64937,36444,511851,0.4241,2792,0.072
Arizona,0.247,0.093,0.119,0.245,0.123,0.173,2017,8947,332001.8,402447,302317,402977,5940347,0.4668,13662,0.049
Arkansas,0.251,0.091,0.113,0.25,0.13,0.165,2017,2467,122466.7,33426,64953,488611,2416865,0.4725,2503,0.037
California,0.242,0.096,0.135,0.266,0.122,0.14,2017,131532,2728743.1,781010,6555922,2842207,29158646,0.4866,109976,0.048
Colorado,0.238,0.09,0.139,0.266,0.128,0.14,2017,10940,349156.5,108006,226588,296989,4985838,0.4553,8839,0.028
Connecticut,0.222,0.086,0.114,0.267,0.147,0.166,2017,3388,271443.2,24238,183675,455143,2912268,0.4943,14779,0.047
Delaware,0.224,0.084,0.119,0.249,0.143,0.183,2017,994,68302.5,7063,41719,229847,679313,0.4811,1714,0.046
District of Columbia,0.191,0.098,0.215,0.269,0.104,0.124,2017,7473,133243.5,5129,34129,338701,319120,,3855,
Florida,0.213,0.083,0.114,0.254,0.135,0.202,2017,32190,1003144.0,117629,695958,3680462,16483040,0.4859,161644,0.042
Georgia,0.258,0.09,0.12,0.272,0.124,0.136,2017,10174,573777.2,60194,478627,3445145,6433065,0.483,21846,0.047
Hawaii,0.231,0.074,0.125,0.252,0.134,0.184,2017,7220,87217.4,6388,943621,43225,432529,0.4455,4814,0.024
Idaho,0.273,0.089,0.113,0.244,0.126,0.154,2017,2037,71730.3,34791,34760,20986,1629208,0.4478,1822,0.032
Illinois,0.241,0.089,0.124,0.263,0.132,0.15,2017,10798,824913.4,88713,781503,1953159,9956518,0.4818,30046,0.05
Indiana,0.25,0.092,0.117,0.256,0.133,0.153,2017,5438,352601.0,32236,173488,705994,5750350,0.4497,9312,0.035
Iowa,0.248,0.09,0.115,0.248,0.136,0.164,2017,2756,184561.3,18562,90542,143457,2891173,0.4381,6196,0.031
Kansas,0.26,0.094,0.117,0.244,0.132,0.153,2017,2287,165182.5,42478,100965,207125,2560324,0.4539,2531,0.036
Kentucky,0.242,0.088,0.114,0.26,0.137,0.159,2017,4025,201872.2,13916,79853,400943,3960878,0.4784,6464,0.049
Louisiana,0.255,0.094,0.121,0.251,0.131,0.149,2017,3305,241213.4,40085,93913,1559704,2979971,0.4935,3724,0.051
Maine,0.201,0.071,0.11,0.258,0.161,0.199,2017,2280,62253.6,11151,18640,25670,1280282,0.4526,774,0.033
Maryland,0.236,0.085,0.123,0.271,0.137,0.149,2017,7247,400157.0,41947,434483,1923888,3627868,0.453,23450,0.041
Massachusetts,0.216,0.086,0.131,0.267,0.139,0.162,2017,17565,531008.0,40349,505728,655095,5662388,0.4851,48583,0.037
Michigan,0.23,0.092,0.114,0.253,0.143,0.167,2017,9051,502130.4,90684,355397,1494889,8035782,0.4671,21372,0.046
Minnesota,0.244,0.085,0.124,0.259,0.137,0.152,2017,7668,353664.9,86692,301703,410987,4769901,0.4516,11352,0.035
Mississippi,0.259,0.095,0.105,0.254,0.131,0.156,2017,1472,109600.8,19061,36289,1145930,1789394,0.479,2641,0.051
Missouri,0.241,0.086,0.122,0.25,0.137,0.164,2017,6037,308002.3,43846,148499,768853,5150184,0.4618,8714,0.038
Montana,0.225,0.093,0.113,0.241,0.148,0.181,2017,1529,48533.9,76675,11765,10054,955368,0.4539,1106,0.04
Nebraska,0.26,0.09,0.124,0.244,0.131,0.152,2017,2501,121726.6,31921,56016,111846,1717215,0.4391,4822,0.029
Nevada,0.239,0.087,0.127,0.268,0.125,0.155,2017,7833,160653.1,57796,305544,329702,2279055,0.4606,2951,0.05
New Hampshire,0.204,0.081,0.114,0.267,0.161,0.175,2017,1456,80598.0,5099,42822,27064,1275410,0.4386,2763,0.027
New Jersey,0.233,0.083,0.116,0.274,0.137,0.156,2017,8536,587421.0,65605,915133,1396146,6511263,0.4794,45043,0.046
New Mexico,0.25,0.094,0.116,0.236,0.135,0.169,2017,2482,92273.6,241914,44701,64178,1742051,0.4776,2251,0.062
New York,0.221,0.091,0.132,0.264,0.133,0.159,2017,89503,1604649.9,228588,1838717,3631243,13895301,0.5157,69336,0.047
North Carolina,0.241,0.085,0.117,0.267,0.131,0.16,2017,8962,548522.1,173206,350080,2369680,7382792,0.4763,21393,0.046
North Dakota,0.244,0.104,0.136,0.237,0.135,0.146,2017,1089,55394.7,44969,14578,26987,670221,0.4546,2875,0.026
Ohio,0.237,0.087,0.118,0.253,0.141,0.165,2017,10095,645636.8,43099,306406,1616703,9699498,0.4642,20084,0.05
Oklahoma,0.262,0.09,0.122,0.246,0.128,0.153,2017,4199,190553.0,429705,108086,349923,3045888,0.4658,4850,0.043
Oregon,0.222,0.085,0.129,0.259,0.134,0.171,2017,13953,222601.6,92038,239926,116436,3698894,0.4593,8316,0.041
Pennsylvania,0.222,0.083,0.118,0.255,0.145,0.177,2017,14138,746441.0,57793,492848,1620466,10623572,0.4777,32239,0.049
Rhode Island,0.212,0.093,0.124,0.259,0.145,0.167,2017,1180,58085.0,12739,42574,97985,903256,0.4722,2282,0.045
South Carolina,0.233,0.086,0.114,0.256,0.136,0.175,2017,3916,223266.7,29943,98827,1410048,3488284,0.4795,6493,0.043
South Dakota,0.256,0.086,0.124,0.235,0.137,0.162,2017,943,50232.5,84642,15569,23562,749959,0.4488,3846,0.033
Tennessee,0.239,0.086,0.121,0.261,0.134,0.159,2017,8309,350838.7,33791,142171,1189556,5349230,0.4822,9540,0.037
Texas,0.277,0.095,0.13,0.262,0.114,0.122,2017,23548,1673234.3,318249,1561314,3740639,22670822,0.4781,96215,0.043
Utah,0.315,0.107,0.131,0.242,0.097,0.108,2017,2852,168649.9,53671,126504,55518,2867847,0.4225,9255,0.032
Vermont,0.2,0.087,0.109,0.253,0.16,0.19,2017,1225,32266.1,3140,12928,10714,598350,0.4525,1919,0.03
Virginia,0.237,0.088,0.121,0.269,0.133,0.153,2017,6067,511114.9,51576,629761,1760115,6029559,0.4674,33741,0.038
Washington,0.235,0.087,0.133,0.262,0.131,0.151,2017,21112,519409.6,172482,795024,391382,6069063,0.4561,30495,0.048
West Virginia,0.219,0.084,0.101,0.255,0.148,0.194,2017,1309,74820.1,4649,17436,74520,1722078,0.4686,592,0.052
Wisconsin,0.234,0.088,0.114,0.255,0.144,0.165,2017,5027,318310.4,75911,185950,425944,5105342,0.4467,8239,0.033
Wyoming,0.253,0.086,0.123,0.236,0.145,0.157,2017,873,36980.7,17645,7507,9709,545133,0.4326,795,0.042
Alabama,0.237,0.088,0.117,0.251,0.136,0.171,2018,3434,223859.3,37220,84667,1340474,3429267,0.4859,3940,0.039
Alaska,0.27,0.088,0.132,0.258,0.133,0.121,2018,2016,54899.6,128089,65043,36516,506976,0.4322,742,0.066
Arizona,0.244,0.092,0.12,0.243,0.123,0.178,2018,9865,351879.5,409153,310022,418432,6026621,0.4613,8180,0.048
Arkansas,0.249,0.087,0.118,0.247,0.13,0.167,2018,2712,127535.7,34141,66272,490916,2420832,0.4845,1052,0.037
California,0.241,0.093,0.137,0.264,0.122,0.144,2018,129972,2897200.7,784941,6665890,2855036,29131596,0.4912,68369,0.042
Colorado,0.238,0.089,0.139,0.265,0.126,0.143,2018,10857,372212.1,110507,234786,304935,5046927,0.4561,11306,0.033
Connecticut,0.222,0.084,0.112,0.265,0.147,0.171,2018,3976,279923.0,25306,187086,461907,2900262,0.5014,18949,0.041
Delaware,0.22,0.082,0.117,0.249,0.143,0.19,2018,1082,72168.3,7313,43041,233959,682672,0.4587,670,0.038
District of Columbia,0.195,0.096,0.212,0.269,0.105,0.124,2018,6904,139722.5,5161,35012,338776,325198,,3055,
Florida,0.211,0.081,0.115,0.251,0.136,0.206,2018,31030,1057255.4,120713,714556,3740150,16679507,0.4887,132690,0.036
Georgia,0.256,0.088,0.124,0.269,0.124,0.14,2018,9499,602366.4,61335,494578,3500431,6463045,0.4822,17766,0.039
Hawaii,0.23,0.073,0.124,0.251,0.132,0.191,2018,6530,90330.8,6408,942935,43529,430230,0.445,4537,0.024
Idaho,0.269,0.088,0.118,0.241,0.124,0.16,2018,2012,77395.4,35510,35735,21813,1659016,0.4454,463,0.028
Illinois,0.238,0.089,0.124,0.261,0.133,0.155,2018,10643,865661.0,89012,793967,1947343,9894363,0.4852,20899,0.043
Indiana,0.248,0.09,0.118,0.254,0.133,0.157,2018,5258,373196.8,33130,183517,719315,5762519,0.4511,15414,0.034
Iowa,0.247,0.089,0.115,0.245,0.135,0.169,2018,2749,191516.6,19079,92491,148331,2889999,0.4413,3089,0.025
Kansas,0.259,0.093,0.116,0.245,0.132,0.157,2018,2216,172343.0,42737,103216,208276,2558519,0.4633,4307,0.034
Kentucky,0.237,0.09,0.116,0.256,0.137,0.165,2018,3688,208558.6,14133,81171,404662,3964307,0.4787,1490,0.043
Louisiana,0.253,0.091,0.122,0.249,0.131,0.155,2018,3059,256677.8,40282,94749,1560945,2968474,0.4936,3747,0.049
Maine,0.193,0.072,0.108,0.256,0.165,0.206,2018,2516,65477.1,11255,19015,26658,1283195,0.4516,1024,0.034
Maryland,0.235,0.084,0.121,0.268,0.138,0.154,2018,7144,410812.2,42930,440667,1937943,3620613,0.4543,16629,0.039
Massachusetts,0.212,0.087,0.131,0.263,0.141,0.166,2018,20068,563054.3,41071,517946,668960,5657743,0.4875,37740,0.033
Michigan,0.228,0.091,0.118,0.249,0.143,0.172,2018,8351,520245.1,91072,363703,1498013,8034498,0.4679,14012,0.041
Minnesota,0.244,0.084,0.125,0.255,0.137,0.156,2018,7243,372011.3,88008,309928,428105,4782721,0.4536,10089,0.029
Mississippi,0.255,0.091,0.113,0.249,0.131,0.16,2018,1352,112201.7,19212,37034,1145262,1781371,0.4828,2089,0.048
Missouri,0.237,0.088,0.12,0.248,0.139,0.169,2018,5883,318153.5,44641,152425,772562,5156358,0.4657,6373,0.032
Montana,0.225,0.082,0.115,0.24,0.147,0.192,2018,1405,50916.9,77119,12096,10261,962342,0.4535,435,0.037
Nebraska,0.261,0.087,0.12,0.246,0.13,0.156,2018,2421,127015.5,32917,58030,114258,1720307,0.4488,3478,0.028
Nevada,0.237,0.084,0.129,0.265,0.125,0.159,2018,7544,170257.6,59401,315353,344235,2311736,0.469,-697,0.046
New Hampshire,0.203,0.081,0.112,0.261,0.162,0.181,2018,1450,83869.8,5199,43476,28365,1278024,0.453,2570,0.025
New Jersey,0.232,0.083,0.115,0.271,0.138,0.161,2018,9398,614106.5,66875,928234,1402945,6493676,0.4836,27118,0.041
New Mexico,0.244,0.091,0.117,0.237,0.133,0.178,2018,2551,97268.0,243895,45541,65357,1738961,0.4891,1623,0.049
New York,0.22,0.087,0.134,0.26,0.135,0.164,2018,91897,1697661.4,229314,1856998,3625651,13832135,0.513,57774,0.041
North Carolina,0.237,0.085,0.117,0.264,0.133,0.164,2018,9268,567836.2,175760,363211,2400642,7451745,0.4782,16207,0.039
North Dakota,0.242,0.108,0.136,0.233,0.132,0.15,2018,542,59248.7,45490,14914,28730,670928,0.4427,1247,0.026
Ohio,0.235,0.086,0.119,0.251,0.141,0.17,2018,10249,667115.6,44028,317017,1633573,9686274,0.4667,14101,0.046
Oklahoma,0.259,0.087,0.126,0.244,0.127,0.157,2018,3871,202712.5,434546,110576,352427,3045939,0.4687,4875,0.034
Oregon,0.218,0.085,0.129,0.259,0.131,0.177,2018,14476,237113.7,93781,246078,119857,3723822,0.4582,3592,0.042
Pennsylvania,0.22,0.083,0.119,0.252,0.145,0.182,2018,13512,773977.4,59821,506782,1638629,10603875,0.4747,32997,0.043
Rhode Island,0.205,0.091,0.127,0.259,0.146,0.173,2018,1101,59290.8,13094,43548,100732,901964,0.47,4631,0.041
South Carolina,0.234,0.086,0.113,0.252,0.137,0.179,2018,3933,233251.4,30597,103540,1421307,3536258,0.4762,6869,0.034
South Dakota,0.258,0.091,0.114,0.236,0.138,0.164,2018,1159,52299.3,85454,15489,24265,754178,0.4445,638,0.03
Tennessee,0.237,0.087,0.12,0.26,0.134,0.163,2018,7883,363055.5,34757,148496,1201168,5393759,0.4778,10424,0.035
Texas,0.275,0.094,0.13,0.262,0.114,0.125,2018,25310,1809396.7,323985,1613295,3818499,22868785,0.4822,69138,0.039
Utah,0.311,0.109,0.13,0.244,0.096,0.111,2018,2876,184457.5,54769,131354,57842,2911188,0.4269,6112,0.031
Vermont,0.195,0.081,0.114,0.252,0.159,0.198,2018,1291,33066.8,3164,13058,10996,597584,0.4473,551,0.027
Virginia,0.236,0.086,0.122,0.265,0.133,0.158,2018,5975,532906.5,52155,642589,1774602,6041574,0.4754,17189,0.03
Washington,0.232,0.084,0.139,0.26,0.13,0.155,2018,22304,564313.9,175405,830028,405041,6116319,0.4574,23605,0.045
West Virginia,0.213,0.082,0.105,0.253,0.146,0.201,2018,1243,79192.9,4647,17229,74622,1709455,0.4742,54,0.053
Wisconsin,0.231,0.086,0.114,0.256,0.144,0.169,2018,4907,332498.6,77012,188960,430314,5113033,0.4483,6011,0.03
Wyoming,0.243,0.083,0.121,0.244,0.141,0.169,2018,639,39171.7,17874,7794,9766,543620,0.4555,708,0.041
Alabama,0.237,0.087,0.115,0.251,0.135,0.175,2019,3261,231561.9,37699,86288,1345267,3438711,0.4741,2293,0.03
Alaska,0.259,0.093,0.139,0.246,0.132,0.13,2019,1907,54728.2,128158,65688,36330,503427,0.4376,1232,0.061
Arizona,0.24,0.093,0.121,0.241,0.124,0.182,2019,10007,372393.5,415075,321459,434571,6120738,0.4591,11618,0.047
Arkansas,0.247,0.087,0.115,0.248,0.131,0.173,2019,2717,131578.3,34629,68061,493205,2425090,0.475,1668,0.035
California,0.237,0.092,0.137,0.263,0.123,0.149,2019,151278,3042694.1,790100,6751372,2863760,29032378,0.4866,33553,0.04
Colorado,0.231,0.089,0.141,0.265,0.126,0.148,2019,9619,394534.7,112626,239986,310725,5095149,0.4548,3576,0.028
Connecticut,0.217,0.086,0.113,0.259,0.148,0.177,2019,3033,288536.3,26018,189704,469253,2881047,0.5024,10290,0.037
Delaware,0.218,0.081,0.118,0.242,0.144,0.197,2019,921,76923.7,7478,44511,238438,686241,0.4509,1447,0.038
District of Columbia,0.195,0.09,0.216,0.269,0.103,0.127,2019,6521,143990.8,5230,35822,336649,330552,,2751,
Florida,0.209,0.08,0.114,0.249,0.137,0.211,2019,28328,1111392.2,123834,732893,3792456,16842873,0.4808,88787,0.031
Georgia,0.253,0.089,0.122,0.267,0.125,0.145,2019,10443,637992.5,62753,511318,3558046,6495903,0.4795,16252,0.034
Hawaii,0.228,0.072,0.116,0.255,0.132,0.197,2019,6412,91912.7,6386,939090,43545,426594,0.4397,2778,0.027
Idaho,0.267,0.085,0.12,0.242,0.125,0.162,2019,2315,82847.2,36262,37112,22788,1692898,0.4337,758,0.029
Illinois,0.237,0.087,0.126,0.258,0.132,0.16,2019,10199,889540.1,90028,802273,1942548,9832168,0.48,13235,0.04
Indiana,0.246,0.091,0.118,0.25,0.134,0.161,2019,5471,381132.3,33930,191000,731116,5774964,0.4584,10913,0.033
Iowa,0.244,0.089,0.114,0.243,0.136,0.174,2019,2315,195708.7,19500,95673,153407,2891016,0.4422,6921,0.027
Kansas,0.257,0.092,0.116,0.241,0.131,0.164,2019,2381,176564.4,43263,104121,209225,2556026,0.45,3016,0.032
Kentucky,0.237,0.089,0.114,0.254,0.137,0.17,2019,4079,218494.7,14266,83577,409605,3964897,0.4764,2538,0.043
Louisiana,0.25,0.088,0.123,0.248,0.132,0.16,2019,2941,255481.9,40372,96132,1562580,2959201,0.4978,6070,0.048
Maine,0.19,0.075,0.11,0.252,0.16,0.213,2019,2106,68690.4,11411,19629,28067,1286663,0.449,2057,0.03
Maryland,0.233,0.081,0.123,0.265,0.138,0.16,2019,6561,420371.3,43809,447094,1952942,3611109,0.4558,16757,0.036
Massachusetts,0.209,0.087,0.132,0.26,0.141,0.171,2019,18471,589904.3,41732,531555,681183,5640413,0.4803,30022,0.029
Michigan,0.227,0.091,0.118,0.246,0.142,0.177,2019,8575,532217.0,91974,367294,1500653,8024874,0.4634,9228,0.041
Minnesota,0.243,0.082,0.125,0.252,0.137,0.162,2019,7977,383956.6,88547,316960,444153,4790393,0.4434,9317,0.032
Mississippi,0.254,0.089,0.11,0.251,0.131,0.165,2019,1184,114234.4,19441,37607,1144256,1776923,0.4896,730,0.054
Missouri,0.236,0.085,0.121,0.246,0.139,0.172,2019,6179,332485.8,45541,157393,775337,5162204,0.4633,6657,0.033
Montana,0.226,0.085,0.114,0.236,0.143,0.196,2019,1357,51925.4,77469,12811,10637,969206,0.4597,1277,0.035
Nebraska,0.26,0.088,0.122,0.24,0.129,0.162,2019,2365,131866.9,33496,59182,116163,1723730,0.44,2220,0.03
Nevada,0.235,0.083,0.131,0.262,0.126,0.163,2019,7169,182186.3,61041,327908,357741,2344081,0.471,5814,0.039
New Hampshire,0.201,0.078,0.115,0.258,0.163,0.186,2019,1396,87338.2,5227,44460,29756,1281340,0.4406,2842,0.025
New Jersey,0.23,0.082,0.117,0.267,0.139,0.165,2019,8862,637630.4,68433,940689,1411950,6470186,0.4782,23880,0.036
New Mexico,0.24,0.09,0.117,0.238,0.132,0.183,2019,3241,102027.5,245110,46605,67251,1740668,0.4768,3334,0.049
New York,0.217,0.086,0.134,0.257,0.136,0.169,2019,92091,1787666.0,229864,1873312,3616173,13743782,0.5149,41869,0.04
North Carolina,0.235,0.086,0.118,0.26,0.133,0.169,2019,9314,594521.0,178127,377398,2429797,7516062,0.4743,16329,0.039
North Dakota,0.245,0.102,0.137,0.232,0.128,0.156,2019,557,59199.2,45922,15032,29804,672966,0.4558,634,0.024
Ohio,0.234,0.085,0.119,0.248,0.14,0.174,2019,10345,697166.8,44751,328327,1648429,9675000,0.4651,15768,0.041
Oklahoma,0.256,0.091,0.123,0.242,0.127,0.16,2019,3944,204192.5,437796,113408,356314,3053158,0.4739,3325,0.033
Oregon,0.214,0.084,0.128,0.261,0.129,0.183,2019,15876,247233.1,95266,251488,123041,3746321,0.45,2272,0.037
Pennsylvania,0.219,0.079,0.123,0.248,0.145,0.187,2019,13199,799888.8,61179,518245,1650596,10568863,0.4745,14722,0.044
Rhode Island,0.207,0.088,0.127,0.253,0.148,0.178,2019,1055,61642.8,13312,43598,102576,898672,0.4628,1295,0.036
South Carolina,0.23,0.082,0.116,0.249,0.138,0.184,2019,4172,245987.2,31377,108641,1432329,3585355,0.4747,7353,0.028
South Dakota,0.257,0.082,0.115,0.235,0.136,0.174,2019,995,54001.3,85549,16293,25381,759904,0.436,2334,0.033
Tennessee,0.235,0.086,0.124,0.254,0.134,0.167,2019,7467,380128.5,35680,152154,1210654,5431837,0.4749,3777,0.034
Texas,0.272,0.094,0.13,0.261,0.114,0.129,2019,25848,1858757.8,331717,1667003,3898379,23089695,0.4753,66791,0.035
Utah,0.308,0.109,0.132,0.242,0.095,0.115,2019,2798,196538.9,56091,135577,60317,2951398,0.4268,2616,0.026
Vermont,0.195,0.086,0.111,0.247,0.158,0.204,2019,1089,34230.8,3172,13275,11406,596193,0.4471,635,0.024
Virginia,0.234,0.084,0.12,0.265,0.135,0.163,2019,5783,557764.4,53034,658310,1789585,6055713,0.469,25830,0.028
Washington,0.23,0.084,0.138,0.26,0.129,0.16,2019,21577,595231.8,177856,861815,417649,6156704,0.4577,23434,0.043
West Virginia,0.212,0.081,0.105,0.251,0.146,0.205,2019,1397,79325.6,4753,17504,74895,1698111,0.4644,1185,0.049
Wisconsin,0.23,0.085,0.116,0.251,0.143,0.175,2019,4538,345236.4,78087,193828,433429,5119237,0.4391,4466,0.033
Wyoming,0.251,0.083,0.117,0.242,0.135,0.172,2019,548,39428.0,17857,7827,9865,544567,0.4345,173,0.036
Alabama,0.238,0.087,0.112,0.26,0.126,0.177,2020,3351,230892.1,38347,87585,1350111,3445489,0.4777,2078,0.059
Alaska,0.26,0.09,0.136,0.249,0.118,0.147,2020,1949,50475.2,128350,66126,36078,500604,0.423,1078,0.078
Arizona,0.232,0.101,0.117,0.238,0.12,0.192,2020,10979,382072.3,420587,332262,450623,6217929,0.4661,9272,0.079
Arkansas,0.247,0.094,0.109,0.236,0.132,0.183,2020,2366,133969.1,35401,70520,494526,2430075,0.4792,1517,0.061
California,0.234,0.096,0.134,0.259,0.123,0.154,2020,161548,3020173.4,795861,6819552,2871450,28881215,0.4874,28803,0.101
Colorado,0.225,0.097,0.138,0.265,0.127,0.148,2020,9846,391263.3,114533,245849,316428,5130909,0.4565,3118,0.073
Connecticut,0.215,0.085,0.126,0.234,0.14,0.201,2020,2905,276223.3,26556,191707,476687,2862056,0.4965,9387,0.079
Delaware,0.211,0.09,0.119,0.228,0.145,0.207,2020,1165,75818.6,7703,45178,242960,690968,0.4568,1217,0.078
District of Columbia,0.186,0.11,0.209,0.276,0.088,0.131,2020,6380,144720.0,5175,36628,335168,335845,0.5212,2143,
Florida,0.208,0.074,0.122,0.244,0.141,0.211,2020,27487,1116726.8,126973,750143,3840185,17016011,0.4856,78072,0.077
Georgia,0.248,0.091,0.127,0.276,0.119,0.139,2020,10234,625425.7,64282,524915,3606257,6514563,0.4814,13275,0.065
Hawaii,0.228,0.076,0.122,0.245,0.12,0.209,2020,6458,82535.5,6411,934235,43240,423120,0.4414,2187,0.116
Idaho,0.259,0.102,0.121,0.239,0.125,0.153,2020,2315,85927.8,37161,38588,23969,1727195,0.4422,678,0.054
Illinois,0.235,0.095,0.121,0.253,0.13,0.166,2020,10431,856942.9,91022,807706,1937515,9751287,0.4801,11164,0.095
Indiana,0.251,0.093,0.104,0.254,0.134,0.164,2020,5625,373781.6,34825,197193,741160,5781775,0.4502,8743,0.071
Iowa,0.247,0.091,0.124,0.245,0.129,0.165,2020,2647,196982.9,19901,97733,156619,2889308,0.4405,5511,0.053
Kansas,0.25,0.089,0.133,0.253,0.108,0.168,2020,2449,177580.9,43774,105139,210495,2554397,0.4561,2483,0.059
Kentucky,0.235,0.082,0.134,0.232,0.144,0.173,2020,4011,216865.6,14510,85752,413976,3963013,0.4776,2210,0.066
Louisiana,0.251,0.089,0.121,0.243,0.131,0.165,2020,3173,232527.8,40734,97146,1561145,2946293,0.4991,4928,0.083
Maine,0.184,0.066,0.117,0.251,0.15,0.232,2020,2097,70740.0,11537,20098,28894,1289612,0.4493,1605,0.054
Maryland,0.235,0.085,0.118,0.247,0.144,0.171,2020,6360,410931.0,44615,452059,1963360,3595768,0.4526,13078,0.068
Massachusetts,0.204,0.086,0.134,0.257,0.135,0.184,2020,17975,585150.3,42509,542099,689362,5619604,0.4826,25247,0.089
Michigan,0.226,0.092,0.123,0.236,0.128,0.196,2020,8638,520105.3,92800,369384,1499982,8004389,0.4655,7753,0.099
Minnesota,0.244,0.094,0.117,0.253,0.133,0.16,2020,7940,376814.4,89130,322504,456060,4789648,0.4491,7360,0.062
Mississippi,0.248,0.08,0.127,0.252,0.125,0.168,2020,1107,115123.4,19561,37940,1141283,1768002,0.4838,787,0.081
Missouri,0.239,0.089,0.112,0.243,0.133,0.184,2020,6527,330249.9,46253,161238,776770,5167287,0.4634,5360,0.061
Montana,0.228,0.074,0.123,0.233,0.135,0.207,2020,1545,52355.8,78116,13296,11046,978119,0.4611,990,0.059
Nebraska,0.256,0.105,0.123,0.247,0.11,0.158,2020,2404,134580.8,33889,60142,118129,1725392,0.4432,1837,0.042
Nevada,0.234,0.088,0.127,0.261,0.12,0.17,2020,6900,172562.6,62401,339340,368812,2367706,0.4638,4562,0.128
New Hampshire,0.193,0.071,0.132,0.236,0.144,0.226,2020,1675,88337.7,5407,45152,30696,1285020,0.4404,2313,0.067
New Jersey,0.233,0.072,0.116,0.282,0.126,0.171,2020,9662,620085.9,69912,950124,1421916,6440419,0.4788,19674,0.098
New Mexico,0.235,0.095,0.117,0.229,0.117,0.208,2020,3333,98790.0,246161,48021,68577,1743560,0.4742,2687,0.084
New York,0.221,0.091,0.129,0.239,0.134,0.186,2020,91271,1740804.7,230299,1881911,3604597,13619969,0.5127,35181,0.1
North Carolina,0.225,0.097,0.12,0.252,0.133,0.172,2020,9280,598915.9,180238,391163,2453861,7575561,0.4759,13387,0.073
North Dakota,0.248,0.104,0.137,0.22,0.122,0.169,2020,541,54422.9,46239,14951,30495,673624,0.4508,577,0.051
Ohio,0.23,0.094,0.125,0.217,0.14,0.194,2020,10655,684382.5,45427,336291,1658318,9653181,0.4646,13303,0.081
Oklahoma,0.261,0.096,0.111,0.252,0.113,0.167,2020,3932,190063.6,439943,115635,361521,3063684,0.4673,2821,0.061
Oregon,0.214,0.092,0.134,0.267,0.101,0.193,2020,14655,247966.7,96577,256465,125990,3762475,0.4579,1908,0.076
Pennsylvania,0.217,0.089,0.128,0.236,0.137,0.193,2020,13375,771613.2,62598,529546,1660533,10530577,0.4702,14523,0.091
Rhode Island,0.207,0.076,0.129,0.274,0.138,0.178,2020,1104,60770.6,13419,43723,104211,895772,0.4661,1193,0.094
South Carolina,0.224,0.086,0.119,0.251,0.127,0.193,2020,4287,245359.5,31984,113140,1441509,3631407,0.477,6023,0.062
South Dakota,0.26,0.079,0.122,0.236,0.119,0.183,2020,1058,55681.2,85421,16946,26365,763985,0.4413,1856,0.046
Tennessee,0.228,0.088,0.119,0.265,0.127,0.173,2020,7256,379007.1,36559,155853,1219237,5475185,0.4775,3280,0.075
Texas,0.27,0.096,0.129,0.254,0.113,0.139,2020,27229,1789933.4,340004,1721732,3984144,23314879,0.4765,54650,0.076
Utah,0.307,0.107,0.126,0.246,0.094,0.12,2020,3131,202133.4,57493,139944,62659,2989783,0.4245,2189,0.047
Vermont,0.199,0.065,0.126,0.245,0.137,0.227,2020,1110,34018.6,3219,13486,11678,594964,0.4485,542,0.056
Virginia,0.232,0.089,0.124,0.268,0.133,0.153,2020,5957,556992.6,54040,671362,1801495,6063666,0.4735,20721,0.062
Washington,0.229,0.087,0.142,0.268,0.128,0.146,2020,22923,612969.1,179917,893265,430125,6190305,0.4574,18301,0.084
West Virginia,0.209,0.076,0.114,0.256,0.139,0.206,2020,1341,76547.9,4797,17696,75782,1686512,0.4661,996,0.083
Wisconsin,0.221,0.069,0.139,0.249,0.16,0.162,2020,4515,340591.1,78876,197416,435275,5121088,0.4448,4287,0.063
Wyoming,0.245,0.087,0.13,0.226,0.127,0.186,2020,612,36330.4,18038,7858,9971,546461,0.4393,174,0.058
